client_id,client_type,first_name,last_name,date_of_birth,gender,country,region,acquisition_purpose,satisfaction_score,loan_applied,referral_channel,date_of_birth_standardized,age,cluster,segment
C0001,Individual,Kareem,Liu,05-11-1968,F,USA,California,Home,4,Yes,Website,05-11-1968,58,2,Corporate Buyers
C0002,Individual,Trystan,Oconnor,11/26/1962,M,USA,California,Home,1,No,Website,11-26-1962,64,1,First-Time Buyers
C0003,Individual,Kale,Gay,04-07-1959,M,USA,California,Home,4,Yes,Agency,04-07-1959,67,2,Corporate Buyers
C0004,Individual,Russell,Gross,11/25/1959,M,USA,California,Home,5,No,Website,11-25-1959,67,1,First-Time Buyers
C0005,Company,Marleez,Co,2/28/1976,M,USA,California,Investment,5,No,Website,2-28-1976,50,3,Luxury Investors
C0006,Individual,Yurem,Wright,03-06-1957,M,USA,California,Home,3,Yes,Website,03-06-1957,69,2,Corporate Buyers
C0007,Individual,Xavier,Faulkner,5/24/1947,M,Canada,Quebec,Investment,5,No,Website,5-24-1947,79,0,Global Investors
C0008,Individual,Kayden,Olsen,10/17/1969,F,USA,California,Home,5,No,Website,10-17-1969,57,1,First-Time Buyers
C0009,Individual,Joaquin,Mullins,10-05-1975,M,USA,California,Investment,5,No,Agency,10-05-1975,51,0,Global Investors
C0010,Individual,Nicolas,Navarro,6/17/1966,M,USA,Oregon,Investment,3,No,Agency,6-17-1966,60,0,Global Investors
C0011,Individual,Laci,Guerra,6/17/1956,F,USA,California,Home,2,Yes,Website,6-17-1956,70,2,Corporate Buyers
C0012,Company,Kylax,Co,4/25/1975,M,USA,California,Investment,5,No,Website,4-25-1975,51,3,Luxury Investors
C0013,Individual,Harley,Lucero,08-10-1962,M,USA,California,Home,1,Yes,Website,08-10-1962,64,2,Corporate Buyers
C0014,Company,Esther,Co,07-10-1980,M,USA,California,Home,3,Yes,Website,07-10-1980,46,3,Luxury Investors
C0015,Individual,Jaylynn,Hickman,8/19/1941,F,USA,California,Home,5,No,Client,8-19-1941,85,1,First-Time Buyers
C0016,Individual,Olivia,Oconnell,09-03-1939,F,USA,California,Investment,5,No,Website,09-03-1939,87,0,Global Investors
C0017,Individual,Antonio,Porter,01-08-1977,M,USA,Arizona,Home,3,No,Client,01-08-1977,49,1,First-Time Buyers
C0018,Individual,Luke,Lynn,02-07-1967,M,USA,California,Home,2,Yes,Agency,02-07-1967,59,2,Corporate Buyers
C0019,Individual,Anahi,Curry,09-09-1957,M,USA,California,Home,5,Yes,Client,09-09-1957,69,2,Corporate Buyers
C0020,Individual,Camille,Sharp,10/17/1967,F,USA,California,Home,5,No,Website,10-17-1967,59,1,First-Time Buyers
C0021,Individual,Jesus,Obrien,06-09-1938,M,USA,Oregon,Investment,3,No,Website,06-09-1938,88,0,Global Investors
C0022,Individual,Araceli,Nelson,9/14/1966,M,Germany,Berlin,Investment,5,No,Agency,9-14-1966,60,0,Global Investors
C0023,Individual,Cole,Taylor,12-06-1958,M,USA,California,Home,3,Yes,Website,12-06-1958,68,2,Corporate Buyers
C0024,Individual,Alonso,Terrell,11-05-1963,M,USA,California,Investment,4,No,Website,11-05-1963,63,0,Global Investors
C0025,Individual,Rodolfo,Gibson,1/20/1937,M,USA,Nevada,Home,2,Yes,Website,1-20-1937,89,2,Corporate Buyers
C0026,Individual,Joseph,Reeves,9/23/1962,M,USA,California,Investment,5,No,Website,9-23-1962,64,0,Global Investors
C0027,Individual,Grant,Weber,09-08-1968,M,USA,California,Home,5,Yes,Website,09-08-1968,58,2,Corporate Buyers
C0028,Individual,Ava,Phelps,4/15/1958,F,USA,California,Home,3,No,Client,4-15-1958,68,1,First-Time Buyers
C0029,Individual,Kyla,Walker,2/26/1976,F,USA,Colorado,Home,4,Yes,Agency,2-26-1976,50,2,Corporate Buyers
C0030,Individual,Alanna,Hess,6/19/1952,F,USA,Nevada,Home,3,No,Website,6-19-1952,74,1,First-Time Buyers
C0031,Individual,Skylar,Buchanan,12/25/1977,M,USA,Nevada,Home,4,Yes,Website,12-25-1977,49,2,Corporate Buyers
C0032,Individual,Rodrigo,Robinson,08-11-1966,M,USA,California,Home,4,No,Website,08-11-1966,60,1,First-Time Buyers
C0033,Individual,Lydia,Tate,8/14/1968,F,USA,California,Home,3,Yes,Website,8-14-1968,58,2,Corporate Buyers
C0034,Individual,Lauryn,Patrick,10/30/1969,F,Belgium,Brussels,Home,2,No,Agency,10-30-1969,57,1,First-Time Buyers
C0035,Individual,Diego,Mendez,05-12-1965,M,Mexico,Mexico City,Home,3,No,Agency,05-12-1965,61,1,First-Time Buyers
C0036,Individual,Victor,Jensen,09-01-1973,M,USA,California,Home,4,No,Website,09-01-1973,53,1,First-Time Buyers
C0037,Individual,Scarlet,Hendricks,1/20/1962,F,USA,California,Home,5,Yes,Website,1-20-1962,64,2,Corporate Buyers
C0038,Individual,Janelle,Espinoza,12/25/1974,F,USA,California,Investment,4,No,Client,12-25-1974,52,0,Global Investors
C0039,Individual,Aleksandra,Karenina,6/13/1967,F,Russia,Krasnodar Krai,Home,1,No,Agency,6-13-1967,59,1,First-Time Buyers
C0040,Individual,Conner,Huff,3/22/1975,M,USA,Nevada,Home,5,No,Website,3-22-1975,51,1,First-Time Buyers
C0041,Individual,Zain,Horne,4/13/1967,M,USA,Arizona,Home,1,Yes,Website,4-13-1967,59,2,Corporate Buyers
C0042,Individual,Maia,Chandler,08-12-1975,F,USA,Utah,Home,1,Yes,Website,08-12-1975,51,2,Corporate Buyers
C0043,Individual,Jordyn,Park,04-04-1965,M,USA,Nevada,Investment,3,Yes,Website,04-04-1965,61,0,Global Investors
C0044,Individual,Diana,Hunt,2/13/1931,F,USA,Arizona,Home,3,No,Website,2-13-1931,95,1,First-Time Buyers
C0045,Individual,Kevin,Mata,10-12-1968,M,USA,Colorado,Investment,2,No,Agency,10-12-1968,58,0,Global Investors
C0046,Individual,Brisa,Mckee,9/24/1964,F,USA,California,Home,5,No,Client,9-24-1964,62,1,First-Time Buyers
C0047,Individual,Mason,Gilbert,7/31/1970,M,USA,Colorado,Home,2,No,Agency,7-31-1970,56,1,First-Time Buyers
C0048,Individual,Derick,Li,3/20/1957,M,USA,California,Home,3,Yes,Agency,3-20-1957,69,2,Corporate Buyers
C0049,Individual,Jace,Riggs,8/20/1971,F,USA,California,Home,1,No,Website,8-20-1971,55,1,First-Time Buyers
C0050,Individual,Jair,Johns,03-05-1940,M,USA,California,Home,5,No,Website,03-05-1940,86,1,First-Time Buyers
C0051,Individual,Matilda,Madden,03-03-1941,F,USA,Colorado,Home,3,No,Agency,03-03-1941,85,1,First-Time Buyers
C0052,Individual,Myla,Ewing,02-03-1967,F,USA,Oregon,Investment,2,No,Client,02-03-1967,59,0,Global Investors
C0053,Individual,Miguel,Walter,01-07-1954,M,USA,Arizona,Home,4,No,Agency,01-07-1954,72,1,First-Time Buyers
C0054,Company,Bridger CAL,Co,2/15/1967,M,USA,Nevada,Investment,5,No,Website,2-15-1967,59,3,Luxury Investors
C0055,Individual,Mara,Franco,06-07-1973,F,USA,California,Home,5,Yes,Agency,06-07-1973,53,2,Corporate Buyers
C0056,Individual,Erik,Mora,12-07-1964,M,USA,Oregon,Investment,5,No,Agency,12-07-1964,62,0,Global Investors
C0057,Individual,Henry,Kennedy,06-08-1933,M,USA,California,Home,4,Yes,Agency,06-08-1933,93,2,Corporate Buyers
C0058,Company,Kenyon,Co,05-03-1969,F,USA,California,Investment,1,Yes,Website,05-03-1969,57,3,Luxury Investors
C0059,Individual,Oswaldo,Palmer,6/16/1960,M,USA,California,Home,2,No,Website,6-16-1960,66,1,First-Time Buyers
C0060,Individual,Kassidy,Vega,05-07-1972,F,USA,California,Home,5,No,Website,05-07-1972,54,1,First-Time Buyers
C0061,Individual,Morgan,Glass,05-12-1967,M,USA,Utah,Home,5,No,Agency,05-12-1967,59,1,First-Time Buyers
C0062,Individual,Tyler,Carr,3/27/1974,M,USA,California,Home,5,Yes,Client,3-27-1974,52,2,Corporate Buyers
C0063,Individual,Yesenia,Marquez,7/23/1942,F,USA,Arizona,Home,4,No,Website,7-23-1942,84,1,First-Time Buyers
C0064,Individual,Gordon,Brown,02-10-1974,M,UK,Northern Ireland,Investment,4,No,Agency,02-10-1974,52,0,Global Investors
C0065,Individual,Rodrigo,Ramirez,3/26/1972,M,USA,California,Home,1,No,Agency,3-26-1972,54,1,First-Time Buyers
C0066,Individual,Melanie,Holland,12/25/1974,F,USA,California,Investment,3,No,Client,12-25-1974,52,0,Global Investors
C0067,Individual,Enrique,Cardenas,06-10-1977,M,USA,California,Home,2,No,Website,06-10-1977,49,1,First-Time Buyers
C0068,Individual,Helen,Williamson,2/26/1966,F,USA,Colorado,Home,5,Yes,Agency,2-26-1966,60,2,Corporate Buyers
C0069,Individual,Isis,Rios,04-01-1970,M,USA,California,Investment,4,No,Website,04-01-1970,56,0,Global Investors
C0070,Individual,Kayley,Nielsen,4/27/1947,F,USA,Arizona,Home,4,Yes,Website,4-27-1947,79,2,Corporate Buyers
C0071,Individual,Donavan,Flowers,12/27/1985,M,USA,California,Home,1,Yes,Client,12-27-1985,41,2,Corporate Buyers
C0072,Individual,Augustus,Hinton,02-03-1953,M,USA,Nevada,Investment,2,No,Website,02-03-1953,73,0,Global Investors
C0073,Individual,Alejandra,Greer,01-11-1965,F,Denmark,Capital Region,Investment,1,No,Agency,01-11-1965,61,0,Global Investors
C0074,Individual,Violet,Nixon,01-01-1959,F,USA,Oregon,Investment,5,No,Client,01-01-1959,67,0,Global Investors
C0075,Individual,Jaelyn,Berger,05-05-1970,F,USA,California,Home,3,No,Website,05-05-1970,56,1,First-Time Buyers
C0076,Individual,Tristian,Fuller,3/13/1956,M,USA,California,Home,5,No,Agency,3-13-1956,70,1,First-Time Buyers
C0077,Individual,Christian,Costa,9/14/1980,M,USA,California,Home,5,No,Website,9-14-1980,46,1,First-Time Buyers
C0078,Individual,Nora,Lynch,4/23/1948,F,USA,California,Home,5,No,Website,4-23-1948,78,1,First-Time Buyers
C0079,Individual,Dangelo,Shea,2/27/1954,M,Belgium,Brussels,Investment,4,No,Website,2-27-1954,72,0,Global Investors
C0080,Individual,Aiyana,Christensen,1/16/1949,F,USA,California,Investment,3,No,Website,1-16-1949,77,0,Global Investors
C0081,Individual,Sidney,Cline,7/24/1943,F,USA,California,Home,4,Yes,Website,7-24-1943,83,2,Corporate Buyers
C0082,Individual,Kaitlin,Owen,12/26/1981,F,USA,Virginia,Investment,5,No,Client,12-26-1981,45,0,Global Investors
C0083,Individual,Issac,Edwards,10/29/1938,M,USA,California,Home,5,No,Website,10-29-1938,88,1,First-Time Buyers
C0084,Individual,Zaiden,Merritt,2/23/1948,M,USA,Wyoming,Home,3,No,Agency,2-23-1948,78,1,First-Time Buyers
C0085,Individual,Iris,Larsen,9/14/1966,M,USA,California,Home,4,Yes,Agency,9-14-1966,60,2,Corporate Buyers
C0086,Individual,Grace,Stein,12/20/1968,F,USA,California,Home,3,Yes,Website,12-20-1968,58,2,Corporate Buyers
C0087,Individual,Alessandra,Perry,5/15/1979,F,USA,California,Home,4,No,Agency,5-15-1979,47,1,First-Time Buyers
C0088,Individual,Jamal,Mueller,8/13/1936,M,USA,Oregon,Investment,2,No,Website,8-13-1936,90,0,Global Investors
C0089,Individual,Irvin,Ellis,11/14/1949,M,USA,California,Home,3,No,Agency,11-14-1949,77,1,First-Time Buyers
C0090,Individual,Terry,Forbes,5/27/1982,M,USA,California,Home,5,No,Client,5-27-1982,44,1,First-Time Buyers
C0091,Individual,Jacqueline,Grant,11/13/1959,F,USA,California,Home,4,No,Website,11-13-1959,67,1,First-Time Buyers
C0092,Individual,Brock,Fischer,5/29/1971,M,USA,Kansas,Home,3,No,Website,5-29-1971,55,1,First-Time Buyers
C0093,Individual,Curtis,Howard,09-11-1962,M,USA,California,Home,2,No,Agency,09-11-1962,64,1,First-Time Buyers
C0094,Individual,Avah,Huang,4/23/1948,F,USA,California,Home,5,No,Website,4-23-1948,78,1,First-Time Buyers
C0095,Individual,Frank,Meyer,3/16/1964,M,USA,California,Home,3,Yes,Agency,3-16-1964,62,2,Corporate Buyers
C0096,Individual,Darien,Dorsey,12/27/1985,M,USA,California,Investment,3,Yes,Website,12-27-1985,41,0,Global Investors
C0097,Individual,Franklin,Mack,6/18/1943,M,USA,Virginia,Home,5,Yes,Website,6-18-1943,83,2,Corporate Buyers
C0098,Individual,Elena,Petrova,6/22/1949,F,Russia,Saint Petersburg,Home,3,Yes,Agency,6-22-1949,77,2,Corporate Buyers
C0099,Individual,Jack,Hanson,12-01-1941,M,USA,California,Investment,4,No,Website,12-01-1941,85,0,Global Investors
C0100,Individual,Emmett,Estes,06-05-1969,M,USA,California,Home,3,No,Website,06-05-1969,57,1,First-Time Buyers
C0101,Individual,Aniya,Miller,03-02-1951,F,USA,Nevada,Home,3,No,Website,03-02-1951,75,1,First-Time Buyers
C0102,Individual,Jack,Anderson,2/13/1947,M,USA,California,Investment,5,Yes,Website,2-13-1947,79,0,Global Investors
C0103,Individual,Kael,Hurley,12/15/1973,M,USA,Colorado,Home,3,No,Website,12-15-1973,53,1,First-Time Buyers
C0104,Individual,Kamden,Stewart,9/14/1978,M,USA,California,Home,5,No,Website,9-14-1978,48,1,First-Time Buyers
C0105,Individual,Aniyah,Ali,11-03-1959,F,USA,California,Investment,2,Yes,Website,11-03-1959,67,0,Global Investors
C0106,Individual,Simon,Bennett,06-09-1953,M,USA,Colorado,Home,4,No,Website,06-09-1953,73,1,First-Time Buyers
C0107,Individual,Laurel,Benitez,08-06-1959,M,USA,California,Home,4,Yes,Agency,08-06-1959,67,2,Corporate Buyers
C0108,Individual,Trey,Strong,12/20/1958,M,USA,California,Home,4,No,Agency,12-20-1958,68,1,First-Time Buyers
C0109,Individual,Myah,Roman,05-05-1933,F,USA,California,Investment,5,Yes,Agency,05-05-1933,93,0,Global Investors
C0110,Individual,Nyla,Blake,06-05-1959,F,USA,California,Investment,5,Yes,Agency,06-05-1959,67,0,Global Investors
C0111,Individual,Kole,Shannon,6/27/1979,M,USA,Arizona,Home,2,Yes,Website,6-27-1979,47,2,Corporate Buyers
C0112,Individual,Melany,Glover,10-01-1960,F,USA,California,Investment,1,Yes,Agency,10-01-1960,66,0,Global Investors
C0113,Individual,Arthur,Bray,7/14/1949,M,USA,Utah,Investment,4,No,Agency,7-14-1949,77,0,Global Investors
C0114,Individual,Kamila,Collier,1/21/1962,F,USA,California,Home,1,Yes,Website,1-21-1962,64,2,Corporate Buyers
C0115,Individual,Amanda,Simon,12-03-1978,F,USA,California,Home,5,No,Agency,12-03-1978,48,1,First-Time Buyers
C0116,Individual,Erika,Steward,08-07-1955,F,USA,California,Investment,4,No,Website,08-07-1955,71,0,Global Investors
C0117,Individual,Jakobe,Bailey,10-06-1964,M,UK,Scotland,Investment,4,No,Agency,10-06-1964,62,0,Global Investors
C0118,Individual,Sonia,Choi,11-09-1948,F,USA,Oregon,Investment,5,No,Agency,11-09-1948,78,0,Global Investors
C0119,Individual,Erika,Gallagher,7/19/1942,F,USA,California,Home,1,Yes,Website,7-19-1942,84,2,Corporate Buyers
C0120,Individual,Madeline,Michael,7/30/1953,F,USA,California,Home,4,Yes,Website,7-30-1953,73,2,Corporate Buyers
C0121,Individual,Bennett,Chen,7/18/1950,M,USA,Nevada,Home,2,No,Website,7-18-1950,76,1,First-Time Buyers
C0122,Individual,Belinda,Hogan,8/18/1973,F,USA,California,Home,1,Yes,Agency,8-18-1973,53,2,Corporate Buyers
C0123,Individual,Johanna,Fisher,8/25/1962,F,USA,California,Home,4,Yes,Website,8-25-1962,64,2,Corporate Buyers
C0124,Individual,Jaylen,Turner,7/15/1963,F,USA,California,Home,4,No,Agency,7-15-1963,63,1,First-Time Buyers
C0125,Individual,Michael,Juarez,12/25/1976,M,USA,Colorado,Home,4,Yes,Agency,12-25-1976,50,2,Corporate Buyers
C0126,Individual,Adriana,Shaffer,07-11-1972,F,USA,California,Investment,2,No,Agency,07-11-1972,54,0,Global Investors
C0127,Individual,Julio,Leonard,7/18/1974,M,USA,Nevada,Home,2,Yes,Website,7-18-1974,52,2,Corporate Buyers
C0128,Company,Abdiel,Co,5/22/1963,M,USA,Nevada,Investment,5,Yes,Website,5-22-1963,63,3,Luxury Investors
C0129,Individual,Warren,Pugh,7/17/1973,M,USA,Arizona,Investment,5,No,Website,7-17-1973,53,0,Global Investors
C0130,Individual,Luis,Crane,4/20/1959,M,USA,Nevada,Home,3,Yes,Website,4-20-1959,67,2,Corporate Buyers
C0131,Individual,Mohammad,Irwin,12-02-1971,M,USA,California,Home,1,No,Website,12-02-1971,55,1,First-Time Buyers
C0132,Individual,Davion,Stout,7/20/1965,M,USA,Nevada,Home,1,Yes,Agency,7-20-1965,61,2,Corporate Buyers
C0133,Individual,Logan,Simmons,9/14/1946,M,USA,California,Investment,4,No,Agency,9-14-1946,80,0,Global Investors
C0134,Individual,Kaylin,Villarreal,6/13/1932,F,Russia,Novosibirsk,Investment,3,No,Website,6-13-1932,94,0,Global Investors
C0135,Individual,Ruben,Melton,03-05-1939,M,USA,Utah,Investment,2,No,Agency,03-05-1939,87,0,Global Investors
C0136,Individual,Gianni,Fritz,9/15/1973,M,USA,California,Home,3,No,Website,9-15-1973,53,1,First-Time Buyers
C0137,Individual,Emilie,Morrison,10/29/1957,F,USA,California,Home,3,Yes,Website,10-29-1957,69,2,Corporate Buyers
C0138,Individual,Crystal,Wyatt,6/30/1939,F,USA,Oregon,Investment,3,Yes,Website,6-30-1939,87,0,Global Investors
C0139,Individual,Annabel,Robles,10/14/1969,F,USA,California,Home,5,Yes,Website,10-14-1969,57,2,Corporate Buyers
C0140,Individual,Rachel,Cross,6/18/1952,F,USA,California,Home,3,No,Website,6-18-1952,74,1,First-Time Buyers
C0141,Individual,Madalyn,Mercer,6/21/1986,F,USA,California,Home,5,No,Website,6-21-1986,40,1,First-Time Buyers
C0142,Individual,Michelle,Cameron,06-04-1978,F,USA,Nevada,Home,3,Yes,Website,06-04-1978,48,2,Corporate Buyers
C0143,Individual,Ezra,Lozano,2/24/1958,M,USA,California,Home,1,No,Website,2-24-1958,68,1,First-Time Buyers
C0144,Individual,Ramiro,Oneill,9/29/1954,M,USA,California,Home,4,No,Agency,9-29-1954,72,1,First-Time Buyers
C0145,Individual,Emely,Watts,11/30/1964,F,USA,California,Home,4,No,Website,11-30-1964,62,1,First-Time Buyers
C0146,Individual,Hazel,Ayers,02-01-1963,M,USA,Colorado,Home,2,No,Website,02-01-1963,63,1,First-Time Buyers
C0147,Individual,Cedric,Goodwin,2/20/1948,M,USA,Utah,Home,4,No,Client,2-20-1948,78,1,First-Time Buyers
C0148,Individual,Dayton,Hatfield,4/19/1969,M,USA,Colorado,Investment,4,Yes,Agency,4-19-1969,57,0,Global Investors
C0149,Individual,Piotr,Aleksandrov,12-02-1955,M,Russia,Krasnodar Krai,Investment,3,No,Agency,12-02-1955,71,0,Global Investors
C0150,Individual,Memphis,Mcconnell,8/25/1968,M,USA,California,Home,2,Yes,Website,8-25-1968,58,2,Corporate Buyers
C0151,Individual,Arabella,Ferrell,8/17/1976,F,USA,Oregon,Home,1,No,Agency,8-17-1976,50,1,First-Time Buyers
C0152,Individual,Sincere,Hansen,1/19/1967,F,USA,California,Investment,2,Yes,Agency,1-19-1967,59,0,Global Investors
C0153,Individual,Lara,Carrillo,2/24/1983,F,USA,California,Home,5,No,Website,2-24-1983,43,1,First-Time Buyers
C0154,Individual,Valentina,Simpson,1/24/1965,F,USA,California,Home,4,Yes,Agency,1-24-1965,61,2,Corporate Buyers
C0155,Company,Kamd,Co,8/18/1975,M,USA,California,Investment,5,No,Agency,8-18-1975,51,3,Luxury Investors
C0156,Individual,Case,Sanchez,5/26/1966,F,USA,California,Home,5,No,Website,5-26-1966,60,1,First-Time Buyers
C0157,Individual,Van,Charles,5/15/1952,M,USA,Colorado,Home,2,Yes,Client,5-15-1952,74,2,Corporate Buyers
C0158,Individual,Emmy,Singh,12-03-1979,F,USA,Virginia,Investment,3,Yes,Agency,12-03-1979,47,0,Global Investors
C0159,Individual,Colin,Campos,4/14/1942,M,USA,California,Home,3,No,Website,4-14-1942,84,1,First-Time Buyers
C0160,Individual,Anya,Stephenson,06-11-1959,F,USA,California,Home,4,No,Website,06-11-1959,67,1,First-Time Buyers
C0161,Individual,Parker,Poole,11-10-1951,M,USA,California,Home,5,No,Website,11-10-1951,75,1,First-Time Buyers
C0162,Individual,Ivan,Bright,9/15/1953,M,USA,California,Home,4,No,Website,9-15-1953,73,1,First-Time Buyers
C0163,Individual,Larry,Turner,3/24/1986,M,USA,Utah,Investment,5,Yes,Agency,3-24-1986,40,0,Global Investors
C0164,Individual,Matthew,Nelson,9/20/1986,M,USA,Arizona,Home,5,No,Website,9-20-1986,40,1,First-Time Buyers
C0165,Individual,Mary,Hall,07-11-1956,F,USA,California,Home,3,Yes,Website,07-11-1956,70,2,Corporate Buyers
C0166,Individual,Carolyn,Weaver,1/24/1984,F,USA,Arizona,Home,4,Yes,Agency,1-24-1984,42,2,Corporate Buyers
C0167,Individual,Grace,Green,02-02-1955,F,UK,Scotland,Home,3,Yes,Website,02-02-1955,71,2,Corporate Buyers
C0168,Individual,Pamela,Sanders,06-06-1960,F,USA,Nevada,Home,3,No,Agency,06-06-1960,66,1,First-Time Buyers
C0169,Individual,Terry,Turner,8/13/1990,M,USA,Ohio,Investment,5,Yes,Agency,8-13-1990,36,0,Global Investors
C0170,Individual,Jacob,Jones,6/13/1949,M,USA,California,Home,5,No,Website,6-13-1949,77,1,First-Time Buyers
C0171,Individual,Julie,Sanders,05-05-1991,F,USA,Washington,Investment,5,Yes,Client,05-05-1991,35,0,Global Investors
C0172,Individual,Catherine,Carter,9/16/1992,F,USA,Washington,Home,1,Yes,Agency,9-16-1992,34,2,Corporate Buyers
C0173,Individual,Amber,Wilson,7/20/1976,F,USA,Arizona,Home,5,Yes,Agency,7-20-1976,50,2,Corporate Buyers
C0174,Individual,Rachel,Harris,07-06-1982,F,USA,California,Investment,3,No,Client,07-06-1982,44,0,Global Investors
C0175,Individual,Brandon,Alexander,04-05-1962,M,USA,Washington,Home,5,No,Agency,04-05-1962,64,1,First-Time Buyers
C0176,Individual,Hannah,Williams,6/27/1993,F,USA,California,Home,2,No,Website,6-27-1993,33,1,First-Time Buyers
C0177,Individual,Sarah,Hansen,03-05-1951,F,UK,England,Home,5,Yes,Website,03-05-1951,75,2,Corporate Buyers
C0178,Individual,Laura,Chavez,12/23/1952,F,USA,Virginia,Home,4,No,Agency,12-23-1952,74,1,First-Time Buyers
C0179,Individual,Ashley,Turner,02-11-1986,F,USA,Oregon,Investment,2,No,Website,02-11-1986,40,0,Global Investors
C0180,Individual,Jacob,Wilson,1/28/1943,M,USA,California,Home,2,Yes,Agency,1-28-1943,83,2,Corporate Buyers
C0181,Individual,Lawrence,Peterson,4/26/1970,M,USA,Texas,Home,2,Yes,Website,4-26-1970,56,2,Corporate Buyers
C0182,Individual,Virginia,Bennett,12-02-1971,F,Germany,North Rhine-Westphalia,Investment,1,Yes,Website,12-02-1971,55,0,Global Investors
C0183,Individual,Nicholas,Green,9/15/1988,M,USA,Nevada,Home,3,No,Website,9-15-1988,38,1,First-Time Buyers
C0184,Individual,Peter,Pierce,1/21/1994,M,USA,Florida,Home,1,No,Website,1-21-1994,32,1,First-Time Buyers
C0185,Individual,Andrea,Nelson,07-02-1945,F,USA,Nevada,Home,4,Yes,Agency,07-02-1945,81,2,Corporate Buyers
C0186,Individual,Carol,Green,04-02-1982,F,USA,Virginia,Home,1,No,Website,04-02-1982,44,1,First-Time Buyers
C0187,Individual,Cheryl,Kim,1/17/1990,F,USA,Florida,Home,1,No,Website,1-17-1990,36,1,First-Time Buyers
C0188,Individual,Jose,Martin,10-08-1940,M,USA,Oregon,Home,5,Yes,Website,10-08-1940,86,2,Corporate Buyers
C0189,Individual,Anna,Adams,12-11-1958,F,USA,California,Home,2,No,Agency,12-11-1958,68,1,First-Time Buyers
C0190,Individual,Karen,Johnson,10/19/1971,F,USA,California,Home,2,No,Website,10-19-1971,55,1,First-Time Buyers
C0191,Individual,Sarah,Turner,05-06-1977,F,USA,Florida,Home,3,No,Agency,05-06-1977,49,1,First-Time Buyers
C0192,Individual,Margaret,Moore,02-04-1984,F,Belgium,Brussels,Investment,2,Yes,Website,02-04-1984,42,0,Global Investors
C0193,Individual,Sharon,Campbell,08-09-1968,F,USA,California,Investment,4,Yes,Website,08-09-1968,58,0,Global Investors
C0194,Individual,Jonathan,Hall,8/18/1953,M,France,Ile-de-France,Home,5,Yes,Website,8-18-1953,73,2,Corporate Buyers
C0195,Individual,Sean,Jones,6/19/1947,M,USA,California,Home,2,Yes,Website,6-19-1947,79,2,Corporate Buyers
C0196,Individual,Alexander,Adams,4/22/1957,M,USA,Nevada,Investment,5,No,Agency,4-22-1957,69,0,Global Investors
C0197,Individual,Kevin,Wright,07-01-1944,M,USA,Virginia,Home,4,No,Client,07-01-1944,82,1,First-Time Buyers
C0198,Individual,Michelle,White,1/28/1976,F,USA,California,Home,4,No,Website,1-28-1976,50,1,First-Time Buyers
C0199,Individual,Ryan,Brown,4/13/1958,M,USA,California,Home,3,No,Agency,4-13-1958,68,1,First-Time Buyers
C0200,Individual,Linda,Harris,05-06-1944,F,USA,California,Home,1,No,Agency,05-06-1944,82,1,First-Time Buyers
C0201,Individual,Lauren,Weaver,2/13/1968,F,USA,California,Home,1,No,Agency,2-13-1968,58,1,First-Time Buyers
C0202,Individual,Jack,Reyes,11-11-1996,M,Canada,British Columbia,Home,1,No,Website,11-11-1996,30,1,First-Time Buyers
C0203,Individual,Christine,Brooks,5/18/1956,F,USA,California,Home,4,No,Client,5-18-1956,70,1,First-Time Buyers
C0204,Individual,Joyce,Pierce,01-10-1947,F,USA,California,Home,5,No,Agency,01-10-1947,79,1,First-Time Buyers
C0205,Individual,Kelly,Nelson,8/26/1968,F,Mexico,Puebla,Home,1,Yes,Agency,8-26-1968,58,2,Corporate Buyers
C0206,Individual,Nancy,Roberts,05-08-1957,F,USA,California,Home,1,Yes,Agency,05-08-1957,69,2,Corporate Buyers
C0207,Individual,Kyle,Gray,11/19/1944,M,USA,Virginia,Investment,4,No,Website,11-19-1944,82,0,Global Investors
C0208,Individual,Mark,James,3/26/1986,M,France,Provence,Home,4,Yes,Agency,3-26-1986,40,2,Corporate Buyers
C0209,Individual,Kyle,Moore,8/22/1949,M,USA,Arizona,Investment,3,No,Agency,8-22-1949,77,0,Global Investors
C0210,Individual,Janice,Price,3/24/1943,F,USA,Colorado,Home,2,No,Website,3-24-1943,83,1,First-Time Buyers
C0211,Individual,Amy,Evans,2/23/1972,F,USA,California,Home,3,No,Agency,2-23-1972,54,1,First-Time Buyers
C0212,Individual,Jacob,Wood,3/23/1956,M,USA,California,Home,4,No,Agency,3-23-1956,70,1,First-Time Buyers
C0213,Individual,Jason,Gray,10/23/1976,M,USA,Florida,Investment,5,No,Agency,10-23-1976,50,0,Global Investors
C0214,Individual,Helen,Wood,7/18/1946,F,Belgium,Brussels,Investment,5,No,Website,7-18-1946,80,0,Global Investors
C0215,Individual,Lauren,Foster,07-11-1999,F,Germany,Hamburg,Investment,4,No,Website,07-11-1999,27,0,Global Investors
C0216,Individual,Albert,Hansen,7/19/1999,M,USA,Utah,Home,1,No,Website,7-19-1999,27,1,First-Time Buyers
C0217,Individual,Deborah,Miller,07-11-1984,F,USA,Colorado,Home,3,No,Website,07-11-1984,42,1,First-Time Buyers
C0218,Individual,Shirley,Anderson,1/24/1970,F,USA,California,Home,2,No,Website,1-24-1970,56,1,First-Time Buyers
C0219,Individual,William,Turner,1/20/1988,M,USA,California,Home,4,No,Website,1-20-1988,38,1,First-Time Buyers
C0220,Individual,Walter,Phillips,06-06-1951,M,Canada,Ontario,Investment,1,No,Website,06-06-1951,75,0,Global Investors
C0221,Company,Atlas,Co,5/14/1987,F,USA,California,Home,5,No,Website,5-14-1987,39,3,Luxury Investors
C0222,Individual,Christopher,Stone,11-08-1956,M,USA,Utah,Investment,3,No,Agency,11-08-1956,70,0,Global Investors
C0223,Individual,Patrick,Hansen,11-12-1973,M,USA,Colorado,Investment,3,Yes,Website,11-12-1973,53,0,Global Investors
C0224,Individual,Nathan,Richardson,8/23/1960,M,USA,Colorado,Home,5,No,Website,8-23-1960,66,1,First-Time Buyers
C0225,Individual,Evelyn,Reyes,12/19/1948,F,USA,California,Home,1,Yes,Agency,12-19-1948,78,2,Corporate Buyers
C0226,Individual,Julia,Jordan,07-11-1958,F,USA,Colorado,Home,2,No,Website,07-11-1958,68,1,First-Time Buyers
C0227,Individual,Rachel,Evans,10/23/1944,F,USA,Arizona,Home,5,Yes,Website,10-23-1944,82,2,Corporate Buyers
C0228,Individual,Hannah,Owens,4/23/1952,F,USA,Oregon,Investment,4,No,Website,4-23-1952,74,0,Global Investors
C0229,Individual,Jose,Turner,11/19/1981,M,USA,Colorado,Investment,5,No,Website,11-19-1981,45,0,Global Investors
C0230,Company,Forsyte,Co,7/22/1977,M,USA,Nevada,Investment,4,Yes,Website,7-22-1977,49,3,Luxury Investors
C0231,Individual,Ronald,Rogers,12/18/1993,M,Denmark,Central Denmark,Investment,2,Yes,Website,12-18-1993,33,0,Global Investors
C0232,Individual,Megan,Kim,05-04-1962,F,USA,California,Home,3,Yes,Website,05-04-1962,64,2,Corporate Buyers
C0233,Individual,Larry,Garcia,09-10-1997,M,France,Provence,Home,4,Yes,Website,09-10-1997,29,2,Corporate Buyers
C0234,Individual,Andrea,Hughes,03-02-1979,F,USA,New York,Home,1,Yes,Website,03-02-1979,47,2,Corporate Buyers
C0235,Individual,Kenneth,Allen,10-10-1949,M,USA,California,Home,5,No,Website,10-10-1949,77,1,First-Time Buyers
C0236,Individual,Gerald,Howard,08-10-1972,M,Canada,Manitoba,Home,3,No,Agency,08-10-1972,54,1,First-Time Buyers
C0237,Individual,Jason,Nelson,11-03-1984,M,USA,California,Home,5,Yes,Website,11-03-1984,42,2,Corporate Buyers
C0238,Individual,Amber,Patterson,01-08-1982,F,USA,Virginia,Home,4,Yes,Agency,01-08-1982,44,2,Corporate Buyers
C0239,Individual,Megan,Baker,2/18/1973,F,USA,Oregon,Home,3,Yes,Website,2-18-1973,53,2,Corporate Buyers
C0240,Individual,Amber,Morales,5/15/1942,F,USA,Colorado,Investment,3,No,Website,5-15-1942,84,0,Global Investors
C0241,Individual,Kelly,Anderson,1/14/1962,F,Mexico,Nuevo Leon,Home,5,Yes,Website,1-14-1962,64,2,Corporate Buyers
C0242,Individual,Stephen,Peterson,3/16/1998,M,USA,Utah,Home,3,Yes,Agency,3-16-1998,28,2,Corporate Buyers
C0243,Individual,Nancy,Patterson,07-11-1978,F,USA,Utah,Home,2,No,Website,07-11-1978,48,1,First-Time Buyers
C0244,Individual,Joyce,Pierce,08-03-1998,F,USA,California,Home,1,No,Website,08-03-1998,28,1,First-Time Buyers
C0245,Individual,Sean,Long,01-07-1974,M,USA,Nevada,Investment,4,No,Agency,01-07-1974,52,0,Global Investors
C0246,Individual,Stephen,Pierce,5/15/1992,M,France,Normandy,Home,1,Yes,Agency,5-15-1992,34,2,Corporate Buyers
C0247,Individual,Kevin,Morris,1/18/1965,M,USA,California,Home,1,No,Website,1-18-1965,61,1,First-Time Buyers
C0248,Individual,Carl,Collins,12-09-1968,M,USA,Florida,Home,4,Yes,Agency,12-09-1968,58,2,Corporate Buyers
C0249,Individual,Stephanie,Montgomery,12-05-1968,F,USA,California,Investment,4,No,Agency,12-05-1968,58,0,Global Investors
C0250,Individual,Justin,Stewart,10/19/1947,M,UK,England,Home,2,No,Agency,10-19-1947,79,1,First-Time Buyers
C0251,Individual,Janice,Chavez,08-11-1976,F,USA,Utah,Home,5,No,Website,08-11-1976,50,1,First-Time Buyers
C0252,Individual,Elizabeth,Rogers,8/23/1953,F,USA,Nevada,Investment,2,No,Website,8-23-1953,73,0,Global Investors
C0253,Individual,Betty,Hughes,9/15/1994,F,USA,Virginia,Home,4,No,Website,9-15-1994,32,1,First-Time Buyers
C0254,Individual,Rachel,Freeman,7/21/1956,F,USA,Florida,Home,5,No,Website,7-21-1956,70,1,First-Time Buyers
C0255,Individual,Sara,Jones,02-08-1961,F,UK,England,Investment,3,Yes,Client,02-08-1961,65,0,Global Investors
C0256,Individual,Anthony,Hughes,12-10-1990,M,USA,California,Home,1,Yes,Website,12-10-1990,36,2,Corporate Buyers
C0257,Individual,Nicholas,Kim,10/22/1974,M,USA,California,Home,1,No,Website,10-22-1974,52,1,First-Time Buyers
C0258,Individual,Carl,Murray,4/15/1991,M,UK,Northern Ireland,Home,4,Yes,Agency,4-15-1991,35,2,Corporate Buyers
C0259,Individual,Emma,Chavez,2/15/1990,F,USA,Oregon,Home,4,No,Website,2-15-1990,36,1,First-Time Buyers
C0260,Individual,Rebecca,Wood,08-04-1946,F,USA,Nevada,Investment,3,No,Website,08-04-1946,80,0,Global Investors
C0261,Company,Celera,Co,5/13/1985,F,USA,Florida,Investment,4,Yes,Website,5-13-1985,41,3,Luxury Investors
C0262,Individual,Billy,Bryant,5/25/1947,M,USA,Oregon,Home,2,No,Website,5-25-1947,79,1,First-Time Buyers
C0263,Individual,Anthony,Garcia,08-02-1981,M,USA,Nevada,Investment,2,Yes,Website,08-02-1981,45,0,Global Investors
C0264,Individual,Melissa,Baker,09-12-1992,F,USA,Colorado,Home,2,Yes,Agency,09-12-1992,34,2,Corporate Buyers
C0265,Company,Celera,Co,4/13/1967,M,Belgium,Flanders,Home,1,No,Website,4-13-1967,59,3,Luxury Investors
C0266,Individual,Aaron,Owens,2/26/1977,M,USA,California,Home,5,Yes,Agency,2-26-1977,49,2,Corporate Buyers
C0267,Individual,Judy,Howard,11-12-1948,F,USA,Utah,Home,4,Yes,Agency,11-12-1948,78,2,Corporate Buyers
C0268,Individual,Danielle,Carter,2/21/1959,F,USA,Georgia,Investment,3,No,Website,2-21-1959,67,0,Global Investors
C0269,Individual,David,Stewart,02-04-1969,M,USA,New York,Home,2,No,Agency,02-04-1969,57,1,First-Time Buyers
C0270,Individual,Megan,Allen,7/21/1944,F,USA,Florida,Home,5,No,Website,7-21-1944,82,1,First-Time Buyers
C0271,Individual,Laura,Hughes,4/28/1972,F,USA,California,Investment,3,No,Agency,4-28-1972,54,0,Global Investors
C0272,Individual,Pamela,Green,08-03-1993,F,UK,Scotland,Home,5,Yes,Website,08-03-1993,33,2,Corporate Buyers
C0273,Individual,Paul,Morales,2/27/1987,M,Denmark,Zealand,Investment,2,No,Website,2-27-1987,39,0,Global Investors
C0274,Individual,Raymond,Young,10-01-1950,M,USA,Florida,Home,2,No,Website,10-01-1950,76,1,First-Time Buyers
C0275,Individual,William,Thompson,6/26/2000,M,USA,Oregon,Home,1,Yes,Website,6-26-2000,26,2,Corporate Buyers
C0276,Individual,Gloria,Harris,2/16/1953,F,USA,Washington,Home,5,No,Website,2-16-1953,73,1,First-Time Buyers
C0277,Individual,Jordan,Garcia,11/17/1954,M,USA,Colorado,Investment,1,Yes,Agency,11-17-1954,72,0,Global Investors
C0278,Individual,Margaret,Foster,08-03-1955,F,USA,California,Investment,2,Yes,Website,08-03-1955,71,0,Global Investors
C0279,Individual,Heather,Montgomery,5/15/1967,F,USA,Oregon,Home,1,No,Website,5-15-1967,59,1,First-Time Buyers
C0280,Individual,Nathan,Price,4/14/1944,M,USA,Florida,Home,4,No,Client,4-14-1944,82,1,First-Time Buyers
C0281,Individual,Katherine,Phillips,3/22/1977,F,USA,California,Home,1,Yes,Agency,3-22-1977,49,2,Corporate Buyers
C0282,Individual,Emily,Owens,10/18/1997,F,USA,California,Investment,1,No,Website,10-18-1997,29,0,Global Investors
C0283,Individual,Susan,Edwards,05-12-1962,F,USA,Arizona,Home,2,Yes,Agency,05-12-1962,64,2,Corporate Buyers
C0284,Individual,Patrick,Owens,2/25/1977,M,USA,Arizona,Home,4,No,Client,2-25-1977,49,1,First-Time Buyers
C0285,Individual,Billy,Parker,03-09-1999,M,France,Ile-de-France,Investment,3,No,Website,03-09-1999,27,0,Global Investors
C0286,Individual,Noah,Brooks,3/24/1996,M,UK,Scotland,Home,1,No,Agency,3-24-1996,30,1,First-Time Buyers
C0287,Individual,Joan,Bell,06-10-1990,F,Australia,New South Wales,Home,5,No,Website,06-10-1990,36,1,First-Time Buyers
C0288,Individual,Kevin,Freeman,11-03-1997,M,USA,Colorado,Investment,4,No,Agency,11-03-1997,29,0,Global Investors
C0289,Individual,Laura,Hayes,6/14/1993,F,USA,California,Investment,5,No,Agency,6-14-1993,33,0,Global Investors
C0290,Individual,Ryan,Watson,01-01-1962,M,USA,California,Home,2,No,Website,01-01-1962,64,1,First-Time Buyers
C0291,Individual,James,Bryant,07-06-1953,M,USA,Nevada,Home,2,No,Agency,07-06-1953,73,1,First-Time Buyers
C0292,Individual,Karen,Watson,12-02-1945,F,USA,California,Home,1,No,Agency,12-02-1945,81,1,First-Time Buyers
C0293,Individual,Ruth,Collins,07-01-1993,F,USA,California,Investment,4,No,Website,07-01-1993,33,0,Global Investors
C0294,Individual,Nicholas,Reyes,7/17/1963,M,USA,Nevada,Home,3,Yes,Website,7-17-1963,63,2,Corporate Buyers
C0295,Individual,Roger,Harris,09-07-1967,M,Russia,Tatarstan,Home,3,No,Agency,09-07-1967,59,1,First-Time Buyers
C0296,Individual,Mark,Young,04-06-1984,M,Canada,Manitoba,Home,1,Yes,Client,04-06-1984,42,2,Corporate Buyers
C0297,Individual,Julia,Murray,11/19/1972,F,UK,Wales,Investment,5,No,Agency,11-19-1972,54,0,Global Investors
C0298,Individual,Sarah,Patterson,11-10-1972,F,USA,Oregon,Home,3,No,Website,11-10-1972,54,1,First-Time Buyers
C0299,Individual,Barbara,Davis,05-03-1977,F,UK,Wales,Home,5,No,Agency,05-03-1977,49,1,First-Time Buyers
C0300,Individual,Zachary,Peterson,04-11-1959,M,Canada,Alberta,Home,5,Yes,Website,04-11-1959,67,2,Corporate Buyers
C0301,Individual,Lisa,Alexander,03-02-1959,F,USA,Virginia,Home,4,No,Agency,03-02-1959,67,1,First-Time Buyers
C0302,Individual,Maria,Edwards,7/25/1976,F,USA,Utah,Investment,1,No,Agency,7-25-1976,50,0,Global Investors
C0303,Individual,Betty,Owens,07-10-1957,F,USA,Virginia,Investment,5,Yes,Website,07-10-1957,69,0,Global Investors
C0304,Individual,Patrick,Morris,12/22/1959,M,USA,California,Investment,1,No,Agency,12-22-1959,67,0,Global Investors
C0305,Individual,Emily,Kim,11/22/1995,F,USA,Arizona,Home,1,No,Website,11-22-1995,31,1,First-Time Buyers
C0306,Individual,Samuel,Foster,04-05-1988,M,USA,California,Home,1,No,Client,04-05-1988,38,1,First-Time Buyers
C0307,Individual,Samuel,Freeman,10/13/1992,M,USA,California,Home,5,Yes,Client,10-13-1992,34,2,Corporate Buyers
C0308,Individual,Catherine,Roberts,10-10-1972,F,Belgium,Flanders,Investment,4,Yes,Agency,10-10-1972,54,0,Global Investors
C0309,Individual,Stephanie,Cox,10/15/1957,F,USA,Washington,Home,4,No,Agency,10-15-1957,69,1,First-Time Buyers
C0310,Individual,Edward,Weaver,05-02-1992,M,UK,Northern Ireland,Home,3,No,Website,05-02-1992,34,1,First-Time Buyers
C0311,Individual,Justin,Anderson,03-09-1952,M,USA,Georgia,Home,2,No,Website,03-09-1952,74,1,First-Time Buyers
C0312,Individual,Zachary,Cooper,1/14/1941,M,USA,Nevada,Home,3,Yes,Website,1-14-1941,85,2,Corporate Buyers
C0313,Company,Stratos,Co,04-12-1974,M,USA,California,Home,1,No,Agency,04-12-1974,52,3,Luxury Investors
C0314,Individual,Andrew,Jones,8/23/1982,M,USA,Washington,Investment,4,No,Agency,8-23-1982,44,0,Global Investors
C0315,Individual,Michael,Phillips,3/18/1987,M,Mexico,Baja California,Investment,5,No,Website,3-18-1987,39,0,Global Investors
C0316,Individual,Brandon,Martin,4/14/1997,M,UK,Scotland,Investment,4,Yes,Website,4-14-1997,29,0,Global Investors
C0317,Individual,Amber,Hansen,11/17/1999,F,USA,California,Investment,2,Yes,Website,11-17-1999,27,0,Global Investors
C0318,Individual,Amy,Peterson,3/22/1974,F,Germany,Berlin,Home,5,No,Website,3-22-1974,52,1,First-Time Buyers
C0319,Company,Zynex,Co,11-12-1995,F,USA,Texas,Home,5,Yes,Website,11-12-1995,31,3,Luxury Investors
C0320,Individual,Tyler,Cox,12-01-1984,M,USA,Texas,Home,3,Yes,Client,12-01-1984,42,2,Corporate Buyers
C0321,Individual,Jesse,Cook,01-12-1992,M,USA,California,Investment,2,No,Agency,01-12-1992,34,0,Global Investors
C0322,Individual,Deborah,Moore,12/25/1996,F,USA,California,Home,2,Yes,Website,12-25-1996,30,2,Corporate Buyers
C0323,Individual,Samantha,Hayes,9/16/1975,F,USA,California,Investment,2,Yes,Website,9-16-1975,51,0,Global Investors
C0324,Individual,Raymond,Parker,6/14/1993,M,USA,Washington,Home,4,No,Website,6-14-1993,33,1,First-Time Buyers
C0325,Individual,Maria,Flores,2/24/1983,F,USA,California,Home,5,Yes,Agency,2-24-1983,43,2,Corporate Buyers
C0326,Individual,Daniel,Reed,05-10-1958,M,USA,Oregon,Investment,4,Yes,Agency,05-10-1958,68,0,Global Investors
C0327,Individual,Elizabeth,Ward,07-09-1961,F,UK,Scotland,Home,1,No,Agency,07-09-1961,65,1,First-Time Buyers
C0328,Individual,William,Young,10/22/1946,M,USA,California,Home,1,Yes,Client,10-22-1946,80,2,Corporate Buyers
C0329,Individual,Diane,Morales,10-05-1998,F,Germany,Hesse,Home,3,No,Agency,10-05-1998,28,1,First-Time Buyers
C0330,Individual,Christian,Richardson,6/21/1975,M,USA,California,Home,1,No,Website,6-21-1975,51,1,First-Time Buyers
C0331,Individual,Ann,Martin,5/23/1984,F,USA,California,Investment,3,No,Agency,5-23-1984,42,0,Global Investors
C0332,Individual,Christopher,Price,12/15/1989,M,USA,Texas,Investment,3,No,Website,12-15-1989,37,0,Global Investors
C0333,Individual,Helen,Hall,12/23/1955,F,UK,Wales,Home,3,No,Website,12-23-1955,71,1,First-Time Buyers
C0334,Individual,Andrew,Roberts,08-01-1950,M,USA,Arizona,Investment,3,No,Agency,08-01-1950,76,0,Global Investors
C0335,Individual,Charles,Morris,12/24/1975,M,USA,Arizona,Home,4,No,Website,12-24-1975,51,1,First-Time Buyers
C0336,Individual,Karen,Price,11/17/1971,F,USA,California,Investment,5,No,Agency,11-17-1971,55,0,Global Investors
C0337,Individual,Nathan,Alexander,1/27/1942,M,USA,Arizona,Home,3,Yes,Website,1-27-1942,84,2,Corporate Buyers
C0338,Individual,Patrick,Flores,5/28/1943,M,USA,California,Home,5,Yes,Website,5-28-1943,83,2,Corporate Buyers
C0339,Individual,Keith,King,10-05-1963,M,USA,Utah,Investment,5,No,Agency,10-05-1963,63,0,Global Investors
C0340,Individual,Daniel,Garcia,11/25/1940,M,USA,California,Investment,2,No,Agency,11-25-1940,86,0,Global Investors
C0341,Individual,Carl,Chavez,11-10-1982,M,USA,California,Investment,4,No,Agency,11-10-1982,44,0,Global Investors
C0342,Individual,Kevin,Hughes,8/15/1974,M,USA,California,Investment,2,No,Client,8-15-1974,52,0,Global Investors
C0343,Individual,Joyce,Thompson,6/17/1952,F,USA,California,Home,2,No,Website,6-17-1952,74,1,First-Time Buyers
C0344,Individual,Joshua,Jackson,5/13/1997,M,Canada,British Columbia,Home,2,Yes,Website,5-13-1997,29,2,Corporate Buyers
C0345,Individual,Stephanie,Hall,9/15/1969,F,USA,New York,Home,4,Yes,Website,9-15-1969,57,2,Corporate Buyers
C0346,Individual,Amy,Nelson,06-02-1963,F,USA,California,Home,5,No,Agency,06-02-1963,63,1,First-Time Buyers
C0347,Individual,Mark,Reyes,5/24/1992,M,USA,Washington,Home,3,Yes,Website,5-24-1992,34,2,Corporate Buyers
C0348,Individual,Jack,Pierce,2/13/1982,M,USA,Colorado,Investment,5,Yes,Agency,2-13-1982,44,0,Global Investors
C0349,Individual,Paul,Jackson,6/26/1975,M,USA,Arizona,Home,2,Yes,Agency,6-26-1975,51,2,Corporate Buyers
C0350,Individual,Richard,Jones,12-11-1992,M,USA,Arizona,Home,2,No,Agency,12-11-1992,34,1,First-Time Buyers
C0351,Individual,Michelle,Watson,12/27/1961,F,USA,Oregon,Home,5,No,Agency,12-27-1961,65,1,First-Time Buyers
C0352,Individual,Judith,Williams,6/22/1977,F,USA,Nevada,Investment,3,No,Agency,6-22-1977,49,0,Global Investors
C0353,Individual,Anna,Murray,4/24/1964,F,USA,Arizona,Home,2,No,Agency,4-24-1964,62,1,First-Time Buyers
C0354,Individual,Kimberly,Turner,10/23/1998,F,USA,California,Home,4,No,Website,10-23-1998,28,1,First-Time Buyers
C0355,Individual,Henry,Alexander,10/16/1951,M,Mexico,Baja California,Investment,1,No,Website,10-16-1951,75,0,Global Investors
C0356,Individual,Andrea,Kim,06-06-1976,F,USA,Georgia,Home,3,No,Website,06-06-1976,50,1,First-Time Buyers
C0357,Individual,Danielle,Griffin,04-09-1988,F,USA,California,Home,3,No,Website,04-09-1988,38,1,First-Time Buyers
C0358,Individual,Katherine,Griffin,9/26/1978,F,Australia,New South Wales,Home,3,Yes,Agency,9-26-1978,48,2,Corporate Buyers
C0359,Individual,Julie,Cooper,03-10-1951,F,USA,California,Investment,1,No,Agency,03-10-1951,75,0,Global Investors
C0360,Individual,Laura,Baker,09-09-1948,F,USA,Utah,Home,2,Yes,Agency,09-09-1948,78,2,Corporate Buyers
C0361,Individual,Nicholas,Miller,09-08-1958,M,UK,England,Home,1,Yes,Website,09-08-1958,68,2,Corporate Buyers
C0362,Individual,Betty,Moore,09-06-2000,F,USA,Utah,Home,4,No,Website,09-06-2000,26,1,First-Time Buyers
C0363,Individual,Christine,Edwards,1/25/1959,F,USA,Utah,Investment,2,No,Client,1-25-1959,67,0,Global Investors
C0364,Individual,George,Gray,03-02-1944,M,USA,Texas,Home,2,No,Website,03-02-1944,82,1,First-Time Buyers
C0365,Individual,Brandon,Morales,02-11-1962,M,USA,Colorado,Investment,5,No,Agency,02-11-1962,64,0,Global Investors
C0366,Individual,Keith,Long,4/26/1983,M,USA,California,Home,4,No,Website,4-26-1983,43,1,First-Time Buyers
C0367,Individual,Samuel,Collins,11/25/1964,M,USA,California,Investment,4,No,Agency,11-25-1964,62,0,Global Investors
C0368,Individual,Betty,Scott,08-11-1992,F,USA,California,Home,4,Yes,Agency,08-11-1992,34,2,Corporate Buyers
C0369,Individual,Helen,Murray,10-01-1954,F,USA,Utah,Home,2,Yes,Agency,10-01-1954,72,2,Corporate Buyers
C0370,Individual,Michelle,Brooks,9/23/1957,F,Russia,Krasnodar Krai,Home,1,No,Website,9-23-1957,69,1,First-Time Buyers
C0371,Individual,Ryan,Moore,3/15/1970,M,Belgium,Wallonia,Investment,3,No,Agency,3-15-1970,56,0,Global Investors
C0372,Individual,Teresa,Nelson,4/22/1952,F,Belgium,Flanders,Investment,1,No,Agency,4-22-1952,74,0,Global Investors
C0373,Individual,Karen,Morales,1/27/1993,F,USA,Georgia,Home,2,No,Agency,1-27-1993,33,1,First-Time Buyers
C0374,Individual,Madison,Hughes,11-07-1993,F,Australia,New South Wales,Investment,4,Yes,Agency,11-07-1993,33,0,Global Investors
C0375,Individual,Kyle,Thompson,7/15/1968,M,USA,California,Investment,4,No,Website,7-15-1968,58,0,Global Investors
C0376,Individual,Shirley,Smith,4/19/1953,F,USA,California,Home,3,No,Website,4-19-1953,73,1,First-Time Buyers
C0377,Individual,Charles,Patterson,5/14/1998,M,USA,Washington,Home,4,No,Website,5-14-1998,28,1,First-Time Buyers
C0378,Individual,Heather,Anderson,11/28/1957,F,USA,California,Investment,3,Yes,Website,11-28-1957,69,0,Global Investors
C0379,Company,Optima,Co,4/22/1977,M,USA,California,Investment,2,Yes,Client,4-22-1977,49,3,Luxury Investors
C0380,Individual,Evelyn,Chavez,9/13/1973,F,USA,California,Home,3,Yes,Website,9-13-1973,53,2,Corporate Buyers
C0381,Individual,David,Gray,01-08-1961,M,USA,California,Home,5,Yes,Agency,01-08-1961,65,2,Corporate Buyers
C0382,Individual,Nicholas,Garcia,08-08-1975,M,USA,California,Investment,1,Yes,Agency,08-08-1975,51,0,Global Investors
C0383,Company,Novex,Co,11-09-1985,F,Mexico,Mexico City,Investment,3,No,Agency,11-09-1985,41,3,Luxury Investors
C0384,Individual,Amy,Stewart,3/22/1944,F,USA,California,Home,3,Yes,Website,3-22-1944,82,2,Corporate Buyers
C0385,Individual,Douglas,Owens,01-12-1969,M,UK,Northern Ireland,Investment,4,No,Website,01-12-1969,57,0,Global Investors
C0386,Individual,Carol,Stewart,3/25/1976,F,USA,Colorado,Home,2,No,Client,3-25-1976,50,1,First-Time Buyers
C0387,Individual,Jessica,Owens,7/18/1974,F,USA,California,Home,2,Yes,Website,7-18-1974,52,2,Corporate Buyers
C0388,Individual,Zachary,Cox,9/24/1995,M,USA,California,Home,4,No,Agency,9-24-1995,31,1,First-Time Buyers
C0389,Individual,Ronald,Stone,11/18/1954,M,USA,Colorado,Home,3,No,Website,11-18-1954,72,1,First-Time Buyers
C0390,Individual,Steven,Griffin,4/23/1942,M,Canada,Quebec,Investment,2,No,Website,4-23-1942,84,0,Global Investors
C0391,Individual,Heather,Long,11-12-1966,F,USA,California,Home,5,No,Agency,11-12-1966,60,1,First-Time Buyers
C0392,Individual,Katherine,Adams,6/14/1977,F,USA,Arizona,Home,2,Yes,Website,6-14-1977,49,2,Corporate Buyers
C0393,Individual,Nicole,Allen,06-08-1988,F,USA,Arizona,Home,4,No,Agency,06-08-1988,38,1,First-Time Buyers
C0394,Individual,Shirley,Foster,11/24/1954,F,USA,Colorado,Home,3,Yes,Website,11-24-1954,72,2,Corporate Buyers
C0395,Individual,Deborah,Chavez,1/17/1959,F,USA,Florida,Home,1,No,Website,1-17-1959,67,1,First-Time Buyers
C0396,Individual,Charles,Allen,4/17/2000,M,USA,Nevada,Home,5,No,Agency,4-17-2000,26,1,First-Time Buyers
C0397,Individual,Hannah,Williams,9/18/2000,F,USA,California,Home,5,No,Website,9-18-2000,26,1,First-Time Buyers
C0398,Individual,Jennifer,Alexander,12/22/1948,F,USA,Texas,Home,1,Yes,Agency,12-22-1948,78,2,Corporate Buyers
C0399,Individual,Albert,Kim,06-09-1984,M,USA,California,Home,4,No,Agency,06-09-1984,42,1,First-Time Buyers
C0400,Individual,Brandon,Anderson,11/25/1959,M,USA,California,Home,4,No,Agency,11-25-1959,67,1,First-Time Buyers
C0401,Individual,Brian,Anderson,7/21/1969,M,USA,Arizona,Home,5,Yes,Website,7-21-1969,57,2,Corporate Buyers
C0402,Individual,Brenda,Garcia,2/22/1941,F,USA,Georgia,Home,5,No,Website,2-22-1941,85,1,First-Time Buyers
C0403,Individual,Jennifer,Adams,3/25/1963,F,Australia,New South Wales,Home,1,No,Website,3-25-1963,63,1,First-Time Buyers
C0404,Individual,Sara,Cook,12-05-1976,F,France,Normandy,Investment,1,No,Client,12-05-1976,50,0,Global Investors
C0405,Company,Horizon,Co,12/25/1969,M,USA,Colorado,Home,1,No,Agency,12-25-1969,57,3,Luxury Investors
C0406,Individual,Christine,Brown,5/26/1960,F,USA,Colorado,Home,3,No,Website,5-26-1960,66,1,First-Time Buyers
C0407,Individual,Lisa,Freeman,4/23/1982,F,USA,California,Home,2,No,Client,4-23-1982,44,1,First-Time Buyers
C0408,Individual,Tyler,Rogers,02-03-1977,M,USA,California,Home,3,No,Website,02-03-1977,49,1,First-Time Buyers
C0409,Individual,Timothy,Reyes,9/18/1972,M,USA,Nevada,Home,1,Yes,Website,9-18-1972,54,2,Corporate Buyers
C0410,Individual,Diane,Johnson,7/13/1982,F,Russia,Saint Petersburg,Home,5,Yes,Agency,7-13-1982,44,2,Corporate Buyers
C0411,Individual,Amanda,Moore,05-09-1983,F,USA,California,Home,2,No,Website,05-09-1983,43,1,First-Time Buyers
C0412,Individual,Karen,Richardson,4/24/1984,F,UK,Scotland,Home,5,No,Website,4-24-1984,42,1,First-Time Buyers
C0413,Individual,Brandon,Smith,07-11-1940,M,Canada,British Columbia,Home,3,No,Website,07-11-1940,86,1,First-Time Buyers
C0414,Individual,Brandon,Reed,12-07-1962,M,USA,California,Home,4,No,Website,12-07-1962,64,1,First-Time Buyers
C0415,Individual,Grace,Turner,07-09-1980,F,USA,Nevada,Home,5,Yes,Agency,07-09-1980,46,2,Corporate Buyers
C0416,Company,Bravada,Co,7/28/1981,M,Germany,North Rhine-Westphalia,Investment,5,Yes,Client,7-28-1981,45,3,Luxury Investors
C0417,Individual,Peter,Collins,12-03-1947,M,USA,Utah,Home,2,No,Website,12-03-1947,79,1,First-Time Buyers
C0418,Individual,Douglas,Howard,8/20/1996,M,USA,Arizona,Home,5,No,Agency,8-20-1996,30,1,First-Time Buyers
C0419,Individual,Jack,Hansen,11-03-1962,M,USA,Washington,Home,3,Yes,Agency,11-03-1962,64,2,Corporate Buyers
C0420,Individual,Debra,Reyes,01-04-1994,F,USA,California,Home,5,No,Agency,01-04-1994,32,1,First-Time Buyers
C0421,Individual,Zachary,Cox,8/25/1975,M,Germany,Hesse,Investment,5,Yes,Website,8-25-1975,51,0,Global Investors
C0422,Company,Telnox,Co,11/13/1973,F,USA,California,Home,1,Yes,Client,11-13-1973,53,3,Luxury Investors
C0423,Individual,Rachel,Sanders,4/17/1950,F,USA,California,Home,1,No,Client,4-17-1950,76,1,First-Time Buyers
C0424,Individual,Sarah,Stewart,12-04-1998,F,USA,Florida,Home,1,No,Website,12-04-1998,28,1,First-Time Buyers
C0425,Individual,Gerald,Wright,03-11-1965,M,USA,Nevada,Home,2,No,Agency,03-11-1965,61,1,First-Time Buyers
C0426,Individual,Julie,Brown,10-07-1953,F,USA,Oregon,Home,4,Yes,Client,10-07-1953,73,2,Corporate Buyers
C0427,Individual,Sarah,Peterson,09-06-1994,F,USA,California,Home,4,Yes,Website,09-06-1994,32,2,Corporate Buyers
C0428,Individual,Gloria,Rogers,7/20/1962,F,USA,Oregon,Home,3,No,Agency,7-20-1962,64,1,First-Time Buyers
C0429,Individual,Danielle,Stone,11-05-1995,F,USA,California,Home,3,Yes,Website,11-05-1995,31,2,Corporate Buyers
C0430,Individual,Roger,Wood,10-05-1974,M,USA,Nevada,Home,2,No,Agency,10-05-1974,52,1,First-Time Buyers
C0431,Individual,Austin,King,05-05-1969,M,USA,California,Home,5,Yes,Website,05-05-1969,57,2,Corporate Buyers
C0432,Company,Grandis,Co,2/17/1995,M,USA,California,Home,5,No,Agency,2-17-1995,31,3,Luxury Investors
C0433,Individual,Ruth,Hughes,03-03-1969,F,USA,California,Investment,2,Yes,Website,03-03-1969,57,0,Global Investors
C0434,Individual,Amanda,Sanders,12/25/1964,F,Russia,Tatarstan,Home,5,No,Website,12-25-1964,62,1,First-Time Buyers
C0435,Individual,Sara,Richardson,1/25/1966,F,Australia,New South Wales,Home,5,Yes,Website,1-25-1966,60,2,Corporate Buyers
C0436,Individual,Brandon,Jones,05-12-1972,M,USA,Colorado,Home,2,Yes,Client,05-12-1972,54,2,Corporate Buyers
C0437,Individual,Danielle,James,10-05-1990,F,USA,Texas,Home,1,No,Website,10-05-1990,36,1,First-Time Buyers
C0438,Individual,Gregory,Collins,10-09-1982,M,USA,Georgia,Investment,1,Yes,Client,10-09-1982,44,0,Global Investors
C0439,Individual,Larry,Thompson,03-08-1956,M,USA,Virginia,Home,2,No,Agency,03-08-1956,70,1,First-Time Buyers
C0440,Individual,Lawrence,Parker,7/13/1960,M,USA,California,Investment,1,No,Agency,7-13-1960,66,0,Global Investors
C0441,Individual,Joan,Foster,10-01-1980,F,Russia,Krasnodar Krai,Investment,1,No,Agency,10-01-1980,46,0,Global Investors
C0442,Individual,Sarah,Hansen,4/14/1975,F,USA,Colorado,Home,3,Yes,Website,4-14-1975,51,2,Corporate Buyers
C0443,Individual,Noah,Foster,6/22/1950,M,Denmark,Capital Region,Home,1,Yes,Agency,6-22-1950,76,2,Corporate Buyers
C0444,Individual,Jennifer,Martin,3/15/1941,F,USA,California,Home,2,No,Website,3-15-1941,85,1,First-Time Buyers
C0445,Individual,Michelle,Evans,11-12-1995,F,USA,California,Home,2,Yes,Website,11-12-1995,31,2,Corporate Buyers
C0446,Individual,Douglas,Thomas,02-01-1955,M,USA,Colorado,Home,2,No,Website,02-01-1955,71,1,First-Time Buyers
C0447,Individual,Patricia,Johnson,6/27/1956,F,USA,New York,Home,2,No,Website,6-27-1956,70,1,First-Time Buyers
C0448,Individual,Mark,White,06-10-1980,M,USA,Nevada,Investment,2,No,Agency,06-10-1980,46,0,Global Investors
C0449,Individual,Jordan,King,6/24/1972,M,USA,Oregon,Investment,2,No,Agency,6-24-1972,54,0,Global Investors
C0450,Individual,Matthew,Jackson,2/19/1992,M,Mexico,Nuevo Leon,Home,3,No,Website,2-19-1992,34,1,First-Time Buyers
C0451,Individual,Larry,Anderson,9/20/1985,M,Canada,Alberta,Investment,5,Yes,Client,9-20-1985,41,0,Global Investors
C0452,Individual,Brandon,Adams,10/17/1967,M,USA,Washington,Home,3,No,Website,10-17-1967,59,1,First-Time Buyers
C0453,Individual,Carl,Wood,4/16/1993,M,UK,Scotland,Investment,1,No,Website,4-16-1993,33,0,Global Investors
C0454,Company,Altira,Co,04-01-1961,F,USA,Nevada,Investment,4,No,Agency,04-01-1961,65,3,Luxury Investors
C0455,Individual,Karen,Williams,02-01-1963,F,USA,California,Home,1,No,Agency,02-01-1963,63,1,First-Time Buyers
C0456,Individual,Virginia,Brooks,11/18/1995,F,USA,Oregon,Home,3,Yes,Website,11-18-1995,31,2,Corporate Buyers
C0457,Individual,Kenneth,Hansen,7/19/1980,M,UK,Wales,Investment,1,No,Agency,7-19-1980,46,0,Global Investors
C0458,Individual,Thomas,Turner,07-04-1995,M,USA,Oregon,Investment,1,No,Agency,07-04-1995,31,0,Global Investors
C0459,Individual,Steven,Johnson,3/23/1955,M,USA,California,Home,3,No,Agency,3-23-1955,71,1,First-Time Buyers
C0460,Individual,Amanda,Cox,12/25/1992,F,USA,Virginia,Home,1,No,Website,12-25-1992,34,1,First-Time Buyers
C0461,Individual,Jonathan,Peterson,2/16/1960,M,USA,Arizona,Home,1,No,Agency,2-16-1960,66,1,First-Time Buyers
C0462,Individual,Eric,White,10/22/1943,M,Australia,Victoria,Home,2,No,Agency,10-22-1943,83,1,First-Time Buyers
C0463,Individual,Nicholas,Garcia,6/13/1970,M,USA,California,Home,5,No,Client,6-13-1970,56,1,First-Time Buyers
C0464,Individual,Gregory,Turner,12-11-1974,M,USA,Florida,Home,5,No,Website,12-11-1974,52,1,First-Time Buyers
C0465,Individual,George,Carter,09-02-1949,M,USA,California,Home,3,No,Website,09-02-1949,77,1,First-Time Buyers
C0466,Individual,Patricia,Cox,5/19/1988,F,USA,Virginia,Investment,2,No,Website,5-19-1988,38,0,Global Investors
C0467,Individual,Rebecca,Chavez,04-05-1952,F,USA,Ohio,Home,1,Yes,Agency,04-05-1952,74,2,Corporate Buyers
C0468,Individual,Raymond,Smith,11/13/1952,M,Mexico,Jalisco,Investment,3,Yes,Website,11-13-1952,74,0,Global Investors
C0469,Individual,Adam,Foster,3/23/1997,M,USA,California,Home,2,No,Website,3-23-1997,29,1,First-Time Buyers
C0470,Individual,Joan,Anderson,2/17/1963,F,USA,Oregon,Home,1,No,Agency,2-17-1963,63,1,First-Time Buyers
C0471,Individual,Gary,Collins,6/26/1984,M,USA,Utah,Investment,3,No,Agency,6-26-1984,42,0,Global Investors
C0472,Individual,Edward,Moore,10-04-1951,M,USA,California,Home,4,No,Website,10-04-1951,75,1,First-Time Buyers
C0473,Individual,Sharon,Price,08-09-1981,F,USA,California,Home,3,No,Agency,08-09-1981,45,1,First-Time Buyers
C0474,Individual,Gregory,Young,12-08-1995,M,USA,Nevada,Home,1,No,Website,12-08-1995,31,1,First-Time Buyers
C0475,Individual,William,Brooks,8/18/1946,M,Belgium,Wallonia,Investment,2,Yes,Agency,8-18-1946,80,0,Global Investors
C0476,Individual,Steven,Johnson,04-05-1997,M,USA,Florida,Home,3,No,Agency,04-05-1997,29,1,First-Time Buyers
C0477,Individual,Jesse,Stone,02-01-1984,M,USA,California,Investment,4,Yes,Website,02-01-1984,42,0,Global Investors
C0478,Individual,Ashley,Garcia,08-02-1940,F,USA,Ohio,Investment,4,No,Website,08-02-1940,86,0,Global Investors
C0479,Individual,Virginia,Wright,04-06-1978,F,USA,California,Home,2,Yes,Agency,04-06-1978,48,2,Corporate Buyers
C0480,Individual,Scott,Bryant,9/16/1974,M,USA,California,Home,4,Yes,Website,9-16-1974,52,2,Corporate Buyers
C0481,Individual,Sean,Williams,12-12-1976,M,USA,Arizona,Home,3,No,Agency,12-12-1976,50,1,First-Time Buyers
C0482,Individual,Deborah,Brown,10-08-1980,F,USA,New York,Investment,3,Yes,Agency,10-08-1980,46,0,Global Investors
C0483,Individual,Kevin,Jackson,11-08-1985,M,USA,Arizona,Investment,1,No,Website,11-08-1985,41,0,Global Investors
C0484,Individual,Janet,Wright,4/19/1989,F,USA,Texas,Investment,3,No,Website,4-19-1989,37,0,Global Investors
C0485,Individual,Julia,Morales,10-07-1991,F,USA,Arizona,Home,2,No,Website,10-07-1991,35,1,First-Time Buyers
C0486,Individual,Billy,Carter,9/16/1999,M,USA,California,Investment,2,Yes,Website,9-16-1999,27,0,Global Investors
C0487,Individual,Jessica,Williams,10/23/1991,F,USA,Washington,Home,5,No,Website,10-23-1991,35,1,First-Time Buyers
C0488,Individual,Megan,Jackson,05-11-1979,F,USA,California,Investment,4,No,Agency,05-11-1979,47,0,Global Investors
C0489,Individual,Austin,Jordan,06-08-1950,M,Germany,Berlin,Investment,2,No,Website,06-08-1950,76,0,Global Investors
C0490,Individual,Emily,Wright,1/23/1954,F,USA,Nevada,Investment,5,Yes,Website,1-23-1954,72,0,Global Investors
C0491,Individual,Noah,White,08-05-1941,M,USA,Washington,Home,2,No,Website,08-05-1941,85,1,First-Time Buyers
C0492,Individual,Raymond,Price,05-07-2000,M,USA,Utah,Home,3,Yes,Website,05-07-2000,26,2,Corporate Buyers
C0493,Individual,Tyler,Hughes,07-06-1954,M,USA,Colorado,Home,3,No,Website,07-06-1954,72,1,First-Time Buyers
C0494,Individual,Grace,Carter,08-03-1990,F,USA,California,Home,3,Yes,Website,08-03-1990,36,2,Corporate Buyers
C0495,Individual,Jerry,Hall,2/18/1954,M,USA,California,Investment,5,No,Client,2-18-1954,72,0,Global Investors
C0496,Individual,Billy,Reyes,01-04-1990,M,USA,California,Home,4,No,Agency,01-04-1990,36,1,First-Time Buyers
C0497,Individual,Emma,Stewart,02-02-1985,F,USA,Arizona,Investment,4,Yes,Website,02-02-1985,41,0,Global Investors
C0498,Individual,Nancy,Collins,11/21/1948,F,Canada,Alberta,Home,2,Yes,Website,11-21-1948,78,2,Corporate Buyers
C0499,Individual,Lisa,Patterson,02-10-1946,F,USA,Colorado,Home,3,Yes,Agency,02-10-1946,80,2,Corporate Buyers
C0500,Individual,Dennis,Howard,3/15/1977,M,USA,California,Home,4,Yes,Website,3-15-1977,49,2,Corporate Buyers
C0501,Individual,Kenneth,Jackson,11-12-1995,M,USA,Nevada,Investment,5,Yes,Agency,11-12-1995,31,0,Global Investors
C0502,Individual,Madison,Gray,11/28/1966,F,USA,Arizona,Home,4,No,Website,11-28-1966,60,1,First-Time Buyers
C0503,Individual,Keith,Peterson,9/26/1943,M,USA,Utah,Investment,2,Yes,Client,9-26-1943,83,0,Global Investors
C0504,Individual,Jeffrey,Green,1/14/1992,M,USA,Utah,Home,2,No,Website,1-14-1992,34,1,First-Time Buyers
C0505,Individual,Katherine,Wilson,7/18/1995,F,USA,Arizona,Home,3,No,Agency,7-18-1995,31,1,First-Time Buyers
C0506,Individual,Albert,Stone,07-04-1967,M,USA,California,Home,5,No,Agency,07-04-1967,59,1,First-Time Buyers
C0507,Individual,Mark,Morales,2/26/1951,M,USA,New York,Home,3,No,Website,2-26-1951,75,1,First-Time Buyers
C0508,Individual,Grace,Weaver,01-06-1970,F,USA,Nevada,Home,5,No,Agency,01-06-1970,56,1,First-Time Buyers
C0509,Individual,Aaron,Cook,04-02-1956,M,Belgium,Wallonia,Home,3,No,Website,04-02-1956,70,1,First-Time Buyers
C0510,Individual,Samantha,Evans,8/28/1947,F,France,Brittany,Investment,1,Yes,Website,8-28-1947,79,0,Global Investors
C0511,Individual,Christine,Parker,7/20/1954,F,UK,England,Home,2,No,Website,7-20-1954,72,1,First-Time Buyers
C0512,Individual,Hannah,Flores,6/27/1945,F,USA,Arizona,Home,1,No,Client,6-27-1945,81,1,First-Time Buyers
C0513,Individual,Christian,Morales,03-07-1999,M,USA,Florida,Home,2,Yes,Agency,03-07-1999,27,2,Corporate Buyers
C0514,Individual,Rebecca,Evans,8/17/1977,F,USA,Oregon,Home,1,Yes,Website,8-17-1977,49,2,Corporate Buyers
C0515,Individual,Melissa,Patterson,09-12-1963,F,USA,California,Home,1,Yes,Website,09-12-1963,63,2,Corporate Buyers
C0516,Individual,Lawrence,Nelson,4/21/1946,M,USA,Utah,Home,3,No,Website,4-21-1946,80,1,First-Time Buyers
C0517,Individual,Harold,Thompson,3/20/1959,M,USA,California,Home,5,No,Client,3-20-1959,67,1,First-Time Buyers
C0518,Company,Lumina,Co,5/22/1962,F,USA,New York,Home,3,No,Website,5-22-1962,64,3,Luxury Investors
C0519,Individual,Madison,Freeman,10-04-1975,F,USA,Arizona,Investment,3,No,Agency,10-04-1975,51,0,Global Investors
C0520,Individual,Helen,White,02-11-1970,F,USA,Oregon,Home,3,Yes,Agency,02-11-1970,56,2,Corporate Buyers
C0521,Individual,Stephanie,Allen,04-02-1967,F,Canada,British Columbia,Home,3,No,Website,04-02-1967,59,1,First-Time Buyers
C0522,Individual,Nicole,Campbell,7/13/1942,F,USA,Virginia,Home,5,No,Agency,7-13-1942,84,1,First-Time Buyers
C0523,Individual,Cynthia,Hansen,8/22/1960,F,USA,Colorado,Home,2,No,Agency,8-22-1960,66,1,First-Time Buyers
C0524,Individual,Harold,Thompson,5/24/1953,M,USA,Washington,Home,3,No,Website,5-24-1953,73,1,First-Time Buyers
C0525,Individual,Frank,Gray,06-12-1950,M,USA,Arizona,Home,4,Yes,Agency,06-12-1950,76,2,Corporate Buyers
C0526,Individual,Harold,Green,2/28/1968,M,Germany,Bavaria,Home,5,No,Website,2-28-1968,58,1,First-Time Buyers
C0527,Individual,Andrew,Baker,7/19/1979,M,USA,California,Home,2,No,Website,7-19-1979,47,1,First-Time Buyers
C0528,Individual,Benjamin,Davis,08-09-2000,M,USA,Washington,Investment,2,No,Client,08-09-2000,26,0,Global Investors
C0529,Individual,Paul,Jordan,11/14/1973,M,USA,Nevada,Home,4,Yes,Website,11-14-1973,53,2,Corporate Buyers
C0530,Individual,Patricia,Reed,09-07-1952,F,USA,Utah,Home,2,Yes,Agency,09-07-1952,74,2,Corporate Buyers
C0531,Individual,Emily,White,9/19/1976,F,USA,California,Home,1,No,Website,9-19-1976,50,1,First-Time Buyers
C0532,Individual,Lauren,Moore,08-12-1979,F,Belgium,Flanders,Home,2,No,Website,08-12-1979,47,1,First-Time Buyers
C0533,Individual,Jeffrey,Williams,09-06-1963,M,USA,Nevada,Investment,1,No,Agency,09-06-1963,63,0,Global Investors
C0534,Individual,Bryan,Miller,2/21/1958,M,USA,California,Investment,1,No,Agency,2-21-1958,68,0,Global Investors
C0535,Individual,Judith,Allen,12/22/1987,F,UK,Wales,Home,3,No,Agency,12-22-1987,39,1,First-Time Buyers
C0536,Individual,Brittany,Weaver,3/14/1956,F,USA,Arizona,Investment,5,Yes,Website,3-14-1956,70,0,Global Investors
C0537,Individual,Carl,Baker,4/25/1962,M,USA,Florida,Home,2,No,Client,4-25-1962,64,1,First-Time Buyers
C0538,Individual,Richard,Pierce,4/23/1969,M,USA,California,Home,1,Yes,Agency,4-23-1969,57,2,Corporate Buyers
C0539,Individual,Lawrence,Bryant,2/25/1991,M,USA,California,Investment,1,Yes,Agency,2-25-1991,35,0,Global Investors
C0540,Individual,Anna,Long,2/27/1997,F,USA,New York,Home,3,No,Agency,2-27-1997,29,1,First-Time Buyers
C0541,Individual,Anthony,Garcia,3/22/2000,M,UK,Northern Ireland,Home,3,No,Agency,3-22-2000,26,1,First-Time Buyers
C0542,Company,Lumina,Co,9/26/1985,M,Mexico,Mexico City,Home,3,No,Website,9-26-1985,41,3,Luxury Investors
C0543,Individual,Joan,Parker,7/23/1947,F,USA,Texas,Home,2,Yes,Website,7-23-1947,79,2,Corporate Buyers
C0544,Individual,Kevin,White,10/16/1974,M,USA,Utah,Home,2,No,Website,10-16-1974,52,1,First-Time Buyers
C0545,Individual,Paul,Griffin,08-04-1942,M,USA,Colorado,Home,1,Yes,Agency,08-04-1942,84,2,Corporate Buyers
C0546,Individual,Samuel,Flores,12/23/1967,M,Canada,Manitoba,Home,4,No,Client,12-23-1967,59,1,First-Time Buyers
C0547,Individual,Diane,Allen,9/20/1947,F,USA,California,Investment,2,No,Agency,9-20-1947,79,0,Global Investors
C0548,Individual,Christopher,Foster,04-11-1980,M,USA,California,Home,2,No,Agency,04-11-1980,46,1,First-Time Buyers
C0549,Individual,Daniel,Sanders,10/15/1972,M,USA,Florida,Home,4,No,Website,10-15-1972,54,1,First-Time Buyers
C0550,Company,Vertex,Co,04-09-1967,F,USA,Nevada,Home,1,No,Agency,04-09-1967,59,3,Luxury Investors
C0551,Individual,Billy,Freeman,5/17/1960,M,USA,California,Investment,4,No,Website,5-17-1960,66,0,Global Investors
C0552,Individual,Kyle,Cook,10/20/1965,M,USA,Virginia,Investment,3,No,Agency,10-20-1965,61,0,Global Investors
C0553,Individual,James,Bell,11/26/1978,M,USA,Arizona,Home,3,No,Website,11-26-1978,48,1,First-Time Buyers
C0554,Individual,Carl,Moore,12/24/1948,M,Australia,Victoria,Home,1,Yes,Agency,12-24-1948,78,2,Corporate Buyers
C0555,Individual,Aaron,Nelson,4/23/1971,M,USA,California,Investment,4,Yes,Agency,4-23-1971,55,0,Global Investors
C0556,Individual,Zachary,Sanders,10/17/1958,M,USA,Colorado,Home,5,No,Website,10-17-1958,68,1,First-Time Buyers
C0557,Individual,Judy,Griffin,9/25/1941,F,USA,Utah,Investment,2,No,Website,9-25-1941,85,0,Global Investors
C0558,Individual,Cheryl,Wood,10/23/1974,F,Denmark,North Denmark,Home,3,No,Website,10-23-1974,52,1,First-Time Buyers
C0559,Company,Corvus,Co,8/18/1969,M,USA,California,Home,5,No,Client,8-18-1969,57,3,Luxury Investors
C0560,Individual,Janice,Nelson,4/20/1988,F,Australia,South Australia,Home,3,No,Website,4-20-1988,38,1,First-Time Buyers
C0561,Company,Bravada,Co,11/20/1962,F,USA,Arizona,Investment,3,No,Website,11-20-1962,64,3,Luxury Investors
C0562,Individual,Judy,Peterson,11/23/1940,F,USA,Utah,Investment,5,Yes,Website,11-23-1940,86,0,Global Investors
C0563,Individual,William,Howard,1/22/1991,M,USA,California,Home,2,Yes,Agency,1-22-1991,35,2,Corporate Buyers
C0564,Individual,Scott,Adams,09-02-1952,M,USA,Texas,Home,1,No,Agency,09-02-1952,74,1,First-Time Buyers
C0565,Individual,Austin,Wood,9/26/1985,M,France,Brittany,Home,1,No,Website,9-26-1985,41,1,First-Time Buyers
C0566,Individual,Janice,Miller,12-09-2000,F,USA,Oregon,Investment,4,Yes,Agency,12-09-2000,26,0,Global Investors
C0567,Individual,Megan,Chavez,10-07-1953,F,Russia,Saint Petersburg,Investment,2,Yes,Agency,10-07-1953,73,0,Global Investors
C0568,Individual,Timothy,Wright,09-04-1953,M,USA,California,Home,3,No,Website,09-04-1953,73,1,First-Time Buyers
C0569,Individual,Mary,Cook,12-05-1971,F,USA,California,Home,5,Yes,Client,12-05-1971,55,2,Corporate Buyers
C0570,Individual,Hannah,Peterson,06-03-1965,F,France,Occitanie,Home,5,Yes,Website,06-03-1965,61,2,Corporate Buyers
C0571,Individual,Adam,Chavez,07-03-1966,M,USA,California,Home,3,No,Website,07-03-1966,60,1,First-Time Buyers
C0572,Individual,Ann,Johnson,11-12-1993,F,USA,California,Investment,5,No,Website,11-12-1993,33,0,Global Investors
C0573,Company,Altira,Co,4/24/1977,M,USA,Georgia,Home,4,Yes,Agency,4-24-1977,49,3,Luxury Investors
C0574,Individual,Gerald,Cox,9/15/1968,M,USA,California,Home,2,No,Agency,9-15-1968,58,1,First-Time Buyers
C0575,Individual,Brian,Hansen,1/21/1966,M,USA,California,Investment,2,No,Website,1-21-1966,60,0,Global Investors
C0576,Individual,Terry,Reyes,2/24/1959,M,Germany,Hamburg,Home,1,No,Client,2-24-1959,67,1,First-Time Buyers
C0577,Individual,Christopher,Miller,5/18/1989,M,USA,Arizona,Home,3,No,Website,5-18-1989,37,1,First-Time Buyers
C0578,Individual,Lauren,Rogers,7/22/1999,F,USA,Arizona,Home,5,Yes,Client,7-22-1999,27,2,Corporate Buyers
C0579,Individual,Christopher,Ward,09-04-1941,M,USA,Texas,Investment,3,No,Website,09-04-1941,85,0,Global Investors
C0580,Individual,Heather,Watson,11-01-1948,F,USA,California,Home,2,Yes,Client,11-01-1948,78,2,Corporate Buyers
C0581,Individual,Kimberly,Stewart,12/21/1957,F,USA,California,Investment,5,Yes,Website,12-21-1957,69,0,Global Investors
C0582,Individual,Teresa,Pierce,02-10-1940,F,USA,Washington,Investment,3,Yes,Website,02-10-1940,86,0,Global Investors
C0583,Individual,Kevin,Scott,10/27/1986,M,USA,California,Home,2,No,Agency,10-27-1986,40,1,First-Time Buyers
C0584,Individual,Janice,Taylor,11-03-1982,F,USA,California,Home,5,No,Website,11-03-1982,44,1,First-Time Buyers
C0585,Individual,Anthony,Edwards,02-07-1961,M,USA,Colorado,Home,3,No,Agency,02-07-1961,65,1,First-Time Buyers
C0586,Individual,Noah,Morales,6/14/1977,M,USA,California,Home,2,Yes,Client,6-14-1977,49,2,Corporate Buyers
C0587,Individual,Pamela,Richardson,11/24/1992,F,USA,New York,Home,4,No,Website,11-24-1992,34,1,First-Time Buyers
C0588,Individual,Janice,White,11/20/1989,F,USA,Florida,Home,2,No,Website,11-20-1989,37,1,First-Time Buyers
C0589,Individual,Christopher,Williams,9/21/1946,M,USA,Texas,Investment,5,No,Client,9-21-1946,80,0,Global Investors
C0590,Individual,Arthur,Campbell,9/16/1966,M,UK,Scotland,Investment,2,No,Website,9-16-1966,60,0,Global Investors
C0591,Individual,Dorothy,Long,09-03-1968,F,USA,Nevada,Home,1,No,Website,09-03-1968,58,1,First-Time Buyers
C0592,Individual,Roger,Moore,03-06-1972,M,USA,Arizona,Investment,2,No,Client,03-06-1972,54,0,Global Investors
C0593,Individual,Elizabeth,Carter,08-08-1952,F,USA,California,Home,2,Yes,Agency,08-08-1952,74,2,Corporate Buyers
C0594,Individual,Diane,Patterson,08-02-1942,F,USA,Utah,Home,1,No,Agency,08-02-1942,84,1,First-Time Buyers
C0595,Individual,Anna,Murray,10-06-1966,F,USA,Utah,Home,3,No,Agency,10-06-1966,60,1,First-Time Buyers
C0596,Individual,Gerald,Phillips,4/17/1976,M,USA,Nevada,Home,4,No,Agency,4-17-1976,50,1,First-Time Buyers
C0597,Individual,Peter,King,2/17/1986,M,UK,Northern Ireland,Home,2,Yes,Website,2-17-1986,40,2,Corporate Buyers
C0598,Individual,Jacob,Gray,6/24/1949,M,USA,Colorado,Investment,4,No,Website,6-24-1949,77,0,Global Investors
C0599,Individual,Jennifer,Turner,3/19/1998,F,Canada,Alberta,Home,2,No,Agency,3-19-1998,28,1,First-Time Buyers
C0600,Individual,Thomas,King,3/17/1984,M,USA,Oregon,Investment,1,No,Client,3-17-1984,42,0,Global Investors
C0601,Individual,Lisa,Nelson,10/16/1972,F,USA,California,Home,4,No,Website,10-16-1972,54,1,First-Time Buyers
C0602,Individual,Albert,Hayes,3/24/1984,M,Germany,Bavaria,Home,4,No,Agency,3-24-1984,42,1,First-Time Buyers
C0603,Individual,Diane,Thompson,01-07-1994,F,USA,New York,Home,4,Yes,Agency,01-07-1994,32,2,Corporate Buyers
C0604,Individual,Danielle,Montgomery,9/17/1998,F,Belgium,Wallonia,Home,1,No,Agency,9-17-1998,28,1,First-Time Buyers
C0605,Individual,Nathan,Flores,6/28/1974,M,USA,Utah,Home,4,Yes,Agency,6-28-1974,52,2,Corporate Buyers
C0606,Individual,Carolyn,Stone,12/25/1949,F,France,Ile-de-France,Investment,1,No,Website,12-25-1949,77,0,Global Investors
C0607,Individual,Daniel,Edwards,9/14/1962,M,USA,California,Home,1,No,Agency,9-14-1962,64,1,First-Time Buyers
C0608,Individual,Jerry,Adams,6/14/1956,M,USA,California,Home,4,No,Agency,6-14-1956,70,1,First-Time Buyers
C0609,Individual,Julia,Richardson,5/22/1961,F,USA,Washington,Home,4,No,Agency,5-22-1961,65,1,First-Time Buyers
C0610,Individual,Ann,Owens,05-10-1970,F,USA,California,Investment,4,No,Website,05-10-1970,56,0,Global Investors
C0611,Individual,Jacob,Price,12-06-1950,M,USA,California,Home,4,No,Agency,12-06-1950,76,1,First-Time Buyers
C0612,Individual,Kevin,Wood,1/26/1960,M,USA,Florida,Home,4,No,Agency,1-26-1960,66,1,First-Time Buyers
C0613,Individual,Cynthia,Cox,10-02-1995,F,Australia,Victoria,Home,4,No,Agency,10-02-1995,31,1,First-Time Buyers
C0614,Individual,George,Bryant,01-07-1972,M,UK,Wales,Home,3,Yes,Website,01-07-1972,54,2,Corporate Buyers
C0615,Individual,Jordan,King,01-12-1957,M,USA,Utah,Home,2,Yes,Website,01-12-1957,69,2,Corporate Buyers
C0616,Individual,Julie,Brooks,4/17/1963,F,USA,Virginia,Investment,1,Yes,Agency,4-17-1963,63,0,Global Investors
C0617,Individual,Carolyn,Evans,10-07-1986,F,USA,Ohio,Home,5,Yes,Website,10-07-1986,40,2,Corporate Buyers
C0618,Individual,Austin,Taylor,05-11-1968,M,USA,Texas,Home,3,No,Agency,05-11-1968,58,1,First-Time Buyers
C0619,Individual,Heather,Morales,4/25/1970,F,USA,Washington,Home,4,No,Website,4-25-1970,56,1,First-Time Buyers
C0620,Individual,Sarah,Howard,4/22/1960,F,France,Brittany,Home,3,No,Website,4-22-1960,66,1,First-Time Buyers
C0621,Individual,Jonathan,Turner,2/13/1982,M,Germany,Bavaria,Investment,3,Yes,Agency,2-13-1982,44,0,Global Investors
C0622,Individual,Katherine,Ward,10-09-1987,F,USA,Washington,Investment,2,No,Client,10-09-1987,39,0,Global Investors
C0623,Individual,Jonathan,Adams,4/27/1986,M,USA,Florida,Investment,3,Yes,Client,4-27-1986,40,0,Global Investors
C0624,Individual,Carl,Jordan,09-02-2000,M,USA,Nevada,Investment,3,No,Agency,09-02-2000,26,0,Global Investors
C0625,Individual,Deborah,Hayes,07-08-1983,F,Belgium,Flanders,Investment,2,Yes,Agency,07-08-1983,43,0,Global Investors
C0626,Individual,Sara,Jones,6/13/1968,F,Germany,Hamburg,Investment,2,No,Website,6-13-1968,58,0,Global Investors
C0627,Individual,Katherine,Johnson,11-07-2000,F,USA,Arizona,Home,3,No,Agency,11-07-2000,26,1,First-Time Buyers
C0628,Individual,Arthur,Campbell,5/16/1985,M,Canada,British Columbia,Home,3,Yes,Agency,5-16-1985,41,2,Corporate Buyers
C0629,Individual,Maria,Richardson,07-09-1946,F,USA,California,Investment,2,No,Agency,07-09-1946,80,0,Global Investors
C0630,Individual,Stephen,Roberts,7/28/1965,M,USA,California,Home,2,No,Website,7-28-1965,61,1,First-Time Buyers
C0631,Individual,Dorothy,Flores,12-11-1966,F,USA,California,Home,5,No,Website,12-11-1966,60,1,First-Time Buyers
C0632,Individual,Thomas,Nelson,5/16/1948,M,UK,Northern Ireland,Home,4,No,Website,5-16-1948,78,1,First-Time Buyers
C0633,Individual,Ann,Owens,05-12-1941,F,USA,Nevada,Home,3,No,Agency,05-12-1941,85,1,First-Time Buyers
C0634,Individual,Justin,Ward,11/17/1980,M,USA,Washington,Investment,4,Yes,Website,11-17-1980,46,0,Global Investors
C0635,Individual,Kimberly,King,6/14/1960,F,UK,Scotland,Investment,5,No,Website,6-14-1960,66,0,Global Investors
C0636,Individual,Kathleen,Rogers,11-10-1980,F,France,Brittany,Home,5,No,Website,11-10-1980,46,1,First-Time Buyers
C0637,Individual,Catherine,Stone,8/14/1967,F,USA,California,Home,2,No,Website,8-14-1967,59,1,First-Time Buyers
C0638,Individual,Jason,King,02-04-1975,M,USA,Ohio,Home,5,Yes,Website,02-04-1975,51,2,Corporate Buyers
C0639,Individual,Mark,Campbell,03-03-1961,M,UK,Scotland,Home,3,Yes,Website,03-03-1961,65,2,Corporate Buyers
C0640,Individual,Emily,Thompson,03-01-1967,F,USA,Utah,Home,3,No,Agency,03-01-1967,59,1,First-Time Buyers
C0641,Company,Zynex,Co,2/26/1994,M,USA,Arizona,Home,2,No,Agency,2-26-1994,32,3,Luxury Investors
C0642,Individual,Julia,Reyes,11/21/1967,F,USA,California,Home,4,No,Website,11-21-1967,59,1,First-Time Buyers
C0643,Individual,Samantha,Richardson,05-05-1974,F,USA,California,Home,5,No,Website,05-05-1974,52,1,First-Time Buyers
C0644,Individual,Teresa,Johnson,8/25/1956,F,USA,California,Home,4,Yes,Agency,8-25-1956,70,2,Corporate Buyers
C0645,Individual,Arthur,Cox,7/18/1988,M,USA,Nevada,Home,2,No,Client,7-18-1988,38,1,First-Time Buyers
C0646,Individual,Cynthia,Campbell,7/21/1995,F,USA,Arizona,Investment,5,No,Agency,7-21-1995,31,0,Global Investors
C0647,Individual,Victoria,Green,02-06-1946,F,USA,California,Home,4,No,Agency,02-06-1946,80,1,First-Time Buyers
C0648,Individual,Stephanie,Reed,03-02-1999,F,USA,California,Home,1,Yes,Website,03-02-1999,27,2,Corporate Buyers
C0649,Individual,Patricia,Mitchell,03-01-1995,F,USA,California,Home,4,No,Agency,03-01-1995,31,1,First-Time Buyers
C0650,Company,Polaris,Co,2/19/1976,M,France,Occitanie,Home,3,Yes,Client,2-19-1976,50,3,Luxury Investors
C0651,Company,Horizon,Co,1/14/1993,M,USA,Washington,Home,1,No,Agency,1-14-1993,33,3,Luxury Investors
C0652,Individual,Heather,Johnson,12-08-1993,F,USA,Washington,Home,2,No,Website,12-08-1993,33,1,First-Time Buyers
C0653,Individual,Gerald,Adams,7/22/1970,M,USA,Ohio,Home,2,No,Client,7-22-1970,56,1,First-Time Buyers
C0654,Individual,Eric,Griffin,05-07-1960,M,USA,New York,Home,2,Yes,Website,05-07-1960,66,2,Corporate Buyers
C0655,Individual,Patricia,King,5/19/1950,F,USA,Nevada,Home,1,Yes,Agency,5-19-1950,76,2,Corporate Buyers
C0656,Individual,Amber,Allen,02-08-1977,F,USA,Colorado,Home,5,No,Client,02-08-1977,49,1,First-Time Buyers
C0657,Individual,Alexander,Allen,9/26/1956,M,USA,California,Home,2,No,Agency,9-26-1956,70,1,First-Time Buyers
C0658,Individual,Kelly,Green,12/13/1999,F,USA,Virginia,Home,3,Yes,Agency,12-13-1999,27,2,Corporate Buyers
C0659,Individual,Sara,Foster,10-06-1988,F,USA,California,Home,4,Yes,Agency,10-06-1988,38,2,Corporate Buyers
C0660,Individual,Charles,Kim,08-10-1991,M,USA,Arizona,Home,4,Yes,Client,08-10-1991,35,2,Corporate Buyers
C0661,Individual,Deborah,Williams,6/25/1961,F,Canada,Manitoba,Home,3,No,Website,6-25-1961,65,1,First-Time Buyers
C0662,Individual,Stephanie,Kim,8/25/1957,F,USA,California,Investment,3,No,Website,8-25-1957,69,0,Global Investors
C0663,Individual,Anthony,Flores,02-02-1958,M,USA,California,Home,2,Yes,Agency,02-02-1958,68,2,Corporate Buyers
C0664,Individual,Lawrence,Wood,8/17/1958,M,Canada,Alberta,Investment,5,Yes,Website,8-17-1958,68,0,Global Investors
C0665,Individual,Robert,Adams,8/27/1959,M,USA,Colorado,Investment,1,No,Agency,8-27-1959,67,0,Global Investors
C0666,Individual,Maria,Davis,10-09-1948,F,USA,California,Investment,1,No,Website,10-09-1948,78,0,Global Investors
C0667,Individual,Anthony,Mitchell,07-07-1966,M,USA,Arizona,Investment,2,No,Agency,07-07-1966,60,0,Global Investors
C0668,Individual,Margaret,Peterson,11/15/1978,F,France,Ile-de-France,Investment,4,Yes,Website,11-15-1978,48,0,Global Investors
C0669,Individual,Cheryl,Bell,3/18/1958,F,Canada,British Columbia,Home,3,No,Agency,3-18-1958,68,1,First-Time Buyers
C0670,Company,Altira,Co,6/18/1976,M,USA,Nevada,Investment,4,No,Website,6-18-1976,50,3,Luxury Investors
C0671,Individual,Jerry,Pierce,12-09-1941,M,USA,Colorado,Home,4,Yes,Client,12-09-1941,85,2,Corporate Buyers
C0672,Individual,Amber,Williams,03-10-1967,F,USA,California,Home,2,No,Website,03-10-1967,59,1,First-Time Buyers
C0673,Individual,Janice,Hayes,10/19/1965,F,USA,California,Home,4,No,Website,10-19-1965,61,1,First-Time Buyers
C0674,Individual,Judy,Turner,5/26/1986,F,USA,California,Investment,4,No,Website,5-26-1986,40,0,Global Investors
C0675,Individual,Andrea,Wright,12/23/1969,F,USA,Texas,Home,5,No,Website,12-23-1969,57,1,First-Time Buyers
C0676,Individual,Lisa,Davis,06-12-1942,F,USA,Nevada,Home,2,No,Agency,06-12-1942,84,1,First-Time Buyers
C0677,Individual,Jerry,Miller,09-02-1981,M,USA,Arizona,Investment,2,No,Agency,09-02-1981,45,0,Global Investors
C0678,Individual,Joseph,Watson,10/19/1972,M,USA,California,Home,4,Yes,Website,10-19-1972,54,2,Corporate Buyers
C0679,Individual,Lisa,Patterson,12-02-1964,F,USA,Nevada,Home,1,No,Agency,12-02-1964,62,1,First-Time Buyers
C0680,Individual,Andrew,Griffin,4/16/1965,M,USA,Utah,Investment,2,No,Agency,4-16-1965,61,0,Global Investors
C0681,Company,Helios,Co,4/25/1977,F,USA,California,Home,3,No,Agency,4-25-1977,49,3,Luxury Investors
C0682,Individual,Donald,Bennett,06-12-1973,M,USA,California,Home,5,No,Website,06-12-1973,53,1,First-Time Buyers
C0683,Individual,Patrick,Jordan,8/20/1948,M,USA,Colorado,Home,2,Yes,Agency,8-20-1948,78,2,Corporate Buyers
C0684,Individual,Donald,Miller,10-05-1985,M,USA,California,Home,1,No,Agency,10-05-1985,41,1,First-Time Buyers
C0685,Individual,Sharon,Hansen,4/18/1987,F,USA,Washington,Home,5,No,Agency,4-18-1987,39,1,First-Time Buyers
C0686,Individual,Michael,Howard,11/17/1963,M,USA,California,Home,1,Yes,Website,11-17-1963,63,2,Corporate Buyers
C0687,Individual,Susan,Long,01-03-1959,F,USA,Utah,Home,3,Yes,Website,01-03-1959,67,2,Corporate Buyers
C0688,Individual,Kathleen,Howard,12-04-1968,F,USA,Colorado,Investment,5,Yes,Website,12-04-1968,58,0,Global Investors
C0689,Individual,Ann,Williams,4/17/1998,F,USA,California,Home,4,No,Website,4-17-1998,28,1,First-Time Buyers
C0690,Individual,Janet,Stewart,09-09-1985,F,USA,Oregon,Home,4,Yes,Agency,09-09-1985,41,2,Corporate Buyers
C0691,Individual,Kenneth,Bell,7/22/1943,M,USA,California,Investment,4,No,Agency,7-22-1943,83,0,Global Investors
C0692,Individual,Adam,Roberts,3/14/1964,M,USA,Georgia,Investment,3,No,Agency,3-14-1964,62,0,Global Investors
C0693,Individual,Jesse,Chavez,4/28/1957,M,USA,California,Investment,5,Yes,Agency,4-28-1957,69,0,Global Investors
C0694,Company,Sterling,Co,7/13/1989,M,UK,Scotland,Investment,2,No,Website,7-13-1989,37,3,Luxury Investors
C0695,Individual,Timothy,Rogers,3/24/1947,M,USA,Washington,Home,4,No,Website,3-24-1947,79,1,First-Time Buyers
C0696,Individual,Carol,Green,03-06-1994,F,USA,Washington,Investment,5,Yes,Agency,03-06-1994,32,0,Global Investors
C0697,Individual,Bryan,Mitchell,11-01-1986,M,USA,California,Investment,4,Yes,Agency,11-01-1986,40,0,Global Investors
C0698,Individual,Maria,Scott,7/16/1946,F,USA,California,Home,2,Yes,Website,7-16-1946,80,2,Corporate Buyers
C0699,Individual,Stephen,Bennett,12/22/1986,M,USA,Washington,Home,1,Yes,Agency,12-22-1986,40,2,Corporate Buyers
C0700,Individual,Christine,Sanders,4/14/1944,F,USA,Washington,Home,5,No,Website,4-14-1944,82,1,First-Time Buyers
C0701,Individual,Danielle,Peterson,9/17/1962,F,UK,England,Investment,1,No,Website,9-17-1962,64,0,Global Investors
C0702,Individual,Nicholas,Flores,7/24/1966,M,USA,Arizona,Home,5,No,Agency,7-24-1966,60,1,First-Time Buyers
C0703,Company,Elara,Co,5/15/1984,M,USA,Colorado,Home,3,No,Website,5-15-1984,42,3,Luxury Investors
C0704,Individual,Nicole,Jordan,1/23/1942,F,USA,Georgia,Home,4,No,Agency,1-23-1942,84,1,First-Time Buyers
C0705,Individual,Timothy,Murray,12/18/1940,M,USA,Nevada,Home,3,No,Website,12-18-1940,86,1,First-Time Buyers
C0706,Individual,Kyle,Thomas,6/23/1984,M,UK,England,Investment,2,No,Client,6-23-1984,42,0,Global Investors
C0707,Individual,Zachary,Richardson,9/23/1995,M,USA,Virginia,Home,5,Yes,Website,9-23-1995,31,2,Corporate Buyers
C0708,Individual,Brian,Cook,11/28/1964,M,USA,California,Home,2,No,Client,11-28-1964,62,1,First-Time Buyers
C0709,Individual,Samantha,Price,11-06-1982,F,USA,Georgia,Home,2,Yes,Agency,11-06-1982,44,2,Corporate Buyers
C0710,Individual,Kyle,Bryant,8/18/1946,M,USA,Oregon,Home,2,Yes,Agency,8-18-1946,80,2,Corporate Buyers
C0711,Individual,Victoria,Hughes,10/20/1995,F,USA,California,Investment,3,No,Agency,10-20-1995,31,0,Global Investors
C0712,Individual,Joseph,Scott,1/21/1991,M,USA,California,Home,1,No,Agency,1-21-1991,35,1,First-Time Buyers
C0713,Individual,Debra,Thomas,2/14/1997,F,USA,California,Investment,3,No,Agency,2-14-1997,29,0,Global Investors
C0714,Individual,Kyle,Murray,01-03-1977,M,Russia,Saint Petersburg,Home,3,No,Website,01-03-1977,49,1,First-Time Buyers
C0715,Individual,Janice,Wilson,08-05-1982,F,USA,Utah,Home,3,No,Website,08-05-1982,44,1,First-Time Buyers
C0716,Individual,Jordan,Davis,10/24/1994,M,UK,Northern Ireland,Home,1,No,Client,10-24-1994,32,1,First-Time Buyers
C0717,Individual,Virginia,Weaver,06-09-1946,F,USA,Arizona,Investment,3,Yes,Agency,06-09-1946,80,0,Global Investors
C0718,Individual,Martha,Scott,10-08-1944,F,France,Ile-de-France,Home,2,Yes,Website,10-08-1944,82,2,Corporate Buyers
C0719,Individual,Jason,Jordan,07-02-1974,M,USA,California,Investment,2,Yes,Agency,07-02-1974,52,0,Global Investors
C0720,Individual,Shirley,Wilson,5/17/1981,F,USA,California,Investment,1,Yes,Agency,5-17-1981,45,0,Global Investors
C0721,Individual,Julia,Jordan,03-07-1999,F,USA,Florida,Home,4,No,Website,03-07-1999,27,1,First-Time Buyers
C0722,Individual,Carol,Sanders,09-11-1943,F,USA,Texas,Home,1,No,Website,09-11-1943,83,1,First-Time Buyers
C0723,Individual,Ann,Hansen,4/19/1999,F,Germany,North Rhine-Westphalia,Home,3,Yes,Website,4-19-1999,27,2,Corporate Buyers
C0724,Individual,Samuel,Howard,9/27/1960,M,USA,Arizona,Investment,4,Yes,Agency,9-27-1960,66,0,Global Investors
C0725,Individual,Katherine,Jones,07-03-1983,F,USA,New York,Home,3,No,Website,07-03-1983,43,1,First-Time Buyers
C0726,Individual,Melissa,Harris,1/25/1977,F,USA,Georgia,Home,4,No,Website,1-25-1977,49,1,First-Time Buyers
C0727,Individual,Ronald,Bell,8/24/1941,M,USA,California,Investment,3,Yes,Client,8-24-1941,85,0,Global Investors
C0728,Individual,Jason,Jones,7/23/1971,M,USA,California,Home,3,Yes,Agency,7-23-1971,55,2,Corporate Buyers
C0729,Individual,Raymond,Long,01-04-1944,M,USA,Washington,Investment,3,Yes,Agency,01-04-1944,82,0,Global Investors
C0730,Individual,Gregory,Baker,05-09-1988,M,USA,California,Investment,4,No,Website,05-09-1988,38,0,Global Investors
C0731,Individual,Larry,Harris,10/18/2000,M,USA,California,Home,5,No,Agency,10-18-2000,26,1,First-Time Buyers
C0732,Individual,Justin,Peterson,03-03-1985,M,USA,Oregon,Home,5,No,Website,03-03-1985,41,1,First-Time Buyers
C0733,Individual,Susan,White,01-03-1976,F,USA,Nevada,Home,5,No,Agency,01-03-1976,50,1,First-Time Buyers
C0734,Individual,Danielle,Ward,6/27/1981,F,USA,Virginia,Investment,5,Yes,Client,6-27-1981,45,0,Global Investors
C0735,Individual,Matthew,Long,08-10-1994,M,Germany,Hesse,Investment,4,No,Website,08-10-1994,32,0,Global Investors
C0736,Individual,Jordan,Campbell,6/13/1942,M,USA,Utah,Investment,3,No,Agency,6-13-1942,84,0,Global Investors
C0737,Individual,Harold,Harris,8/15/1978,M,USA,California,Investment,3,No,Agency,8-15-1978,48,0,Global Investors
C0738,Individual,Jose,White,9/21/1980,M,USA,Texas,Home,5,No,Website,9-21-1980,46,1,First-Time Buyers
C0739,Individual,Albert,Turner,3/16/1965,M,USA,California,Home,2,No,Agency,3-16-1965,61,1,First-Time Buyers
C0740,Individual,Julia,Bell,12-08-1966,F,USA,Utah,Investment,1,No,Client,12-08-1966,60,0,Global Investors
C0741,Individual,Sandra,Stone,08-11-1962,F,USA,California,Home,2,No,Website,08-11-1962,64,1,First-Time Buyers
C0742,Individual,Bryan,Howard,8/21/1980,M,UK,Wales,Home,1,Yes,Website,8-21-1980,46,2,Corporate Buyers
C0743,Individual,Joshua,Allen,09-10-1972,M,USA,Oregon,Investment,4,Yes,Website,09-10-1972,54,0,Global Investors
C0744,Individual,Helen,Morales,11-10-1950,F,USA,Virginia,Home,1,No,Website,11-10-1950,76,1,First-Time Buyers
C0745,Individual,Emily,Collins,6/18/1997,F,USA,California,Investment,5,No,Website,6-18-1997,29,0,Global Investors
C0746,Individual,Gary,Reyes,10/13/1956,M,UK,Scotland,Home,4,No,Website,10-13-1956,70,1,First-Time Buyers
C0747,Individual,George,Patterson,4/18/1992,M,USA,Florida,Home,4,Yes,Website,4-18-1992,34,2,Corporate Buyers
C0748,Company,Vantage,Co,03-05-1974,F,USA,California,Home,1,Yes,Client,03-05-1974,52,3,Luxury Investors
C0749,Individual,Dorothy,Anderson,11/26/1992,F,USA,New York,Home,5,No,Agency,11-26-1992,34,1,First-Time Buyers
C0750,Individual,Janice,Price,06-08-1976,F,USA,Nevada,Investment,1,No,Agency,06-08-1976,50,0,Global Investors
C0751,Individual,Keith,Parker,9/19/1974,M,USA,California,Home,5,No,Client,9-19-1974,52,1,First-Time Buyers
C0752,Individual,Lisa,Young,12/17/1954,F,Belgium,Brussels,Investment,3,No,Agency,12-17-1954,72,0,Global Investors
C0753,Individual,Nicholas,Patterson,12/22/1960,M,Germany,Hamburg,Home,5,No,Website,12-22-1960,66,1,First-Time Buyers
C0754,Individual,Teresa,Johnson,8/17/1970,F,USA,Arizona,Investment,3,No,Website,8-17-1970,56,0,Global Investors
C0755,Company,Celera,Co,12/23/1967,F,USA,California,Home,5,No,Website,12-23-1967,59,3,Luxury Investors
C0756,Individual,Jessica,Patterson,3/19/1963,F,USA,Utah,Home,5,Yes,Website,3-19-1963,63,2,Corporate Buyers
C0757,Individual,Keith,Taylor,05-09-1946,M,USA,Oregon,Home,3,Yes,Website,05-09-1946,80,2,Corporate Buyers
C0758,Individual,Joe,Allen,08-12-1958,M,USA,California,Investment,2,No,Website,08-12-1958,68,0,Global Investors
C0759,Individual,Samuel,Anderson,10/27/1991,M,USA,Florida,Home,4,No,Website,10-27-1991,35,1,First-Time Buyers
C0760,Individual,Amanda,Adams,12/27/1964,F,USA,California,Investment,3,No,Website,12-27-1964,62,0,Global Investors
C0761,Individual,Joyce,Patterson,8/24/1981,F,Belgium,Flanders,Home,2,No,Agency,8-24-1981,45,1,First-Time Buyers
C0762,Individual,Anna,Young,07-01-1967,F,USA,Ohio,Home,4,No,Website,07-01-1967,59,1,First-Time Buyers
C0763,Company,Summit,Co,7/18/1971,F,USA,Georgia,Home,3,No,Agency,7-18-1971,55,3,Luxury Investors
C0764,Individual,Debra,Parker,02-09-1983,F,UK,Northern Ireland,Investment,4,No,Client,02-09-1983,43,0,Global Investors
C0765,Individual,Joe,Green,6/22/1967,M,France,Brittany,Home,3,No,Website,6-22-1967,59,1,First-Time Buyers
C0766,Individual,Robert,Bennett,09-04-1994,M,Germany,North Rhine-Westphalia,Home,3,Yes,Client,09-04-1994,32,2,Corporate Buyers
C0767,Individual,David,Brown,02-02-1961,M,Canada,British Columbia,Investment,2,No,Agency,02-02-1961,65,0,Global Investors
C0768,Individual,Matthew,Weaver,7/22/1992,M,Denmark,Southern Denmark,Investment,5,Yes,Website,7-22-1992,34,0,Global Investors
C0769,Individual,Nicole,Long,2/21/1958,F,USA,Ohio,Home,4,No,Agency,2-21-1958,68,1,First-Time Buyers
C0770,Individual,Shirley,Hall,02-09-1951,F,Russia,Krasnodar Krai,Home,4,No,Website,02-09-1951,75,1,First-Time Buyers
C0771,Company,Quasar,Co,06-09-1984,M,USA,California,Home,1,No,Website,06-09-1984,42,3,Luxury Investors
C0772,Individual,Ethan,White,9/25/1991,M,USA,California,Investment,1,No,Client,9-25-1991,35,0,Global Investors
C0773,Individual,Christopher,Taylor,12-09-1964,M,Russia,Saint Petersburg,Home,1,No,Website,12-09-1964,62,1,First-Time Buyers
C0774,Individual,David,Wood,3/23/1983,M,USA,Georgia,Home,5,Yes,Agency,3-23-1983,43,2,Corporate Buyers
C0775,Individual,Andrea,Reyes,12/25/1975,F,USA,Arizona,Home,1,No,Agency,12-25-1975,51,1,First-Time Buyers
C0776,Individual,Ashley,Morales,06-11-1966,F,Germany,Bavaria,Home,4,Yes,Agency,06-11-1966,60,2,Corporate Buyers
C0777,Company,Meridian,Co,5/15/1982,M,USA,Arizona,Home,1,No,Client,5-15-1982,44,3,Luxury Investors
C0778,Individual,George,Pierce,7/22/1998,M,USA,California,Investment,4,Yes,Agency,7-22-1998,28,0,Global Investors
C0779,Individual,Lisa,Hughes,04-05-1953,F,USA,California,Home,5,Yes,Agency,04-05-1953,73,2,Corporate Buyers
C0780,Individual,Martha,Hansen,08-01-1947,F,USA,California,Home,3,No,Website,08-01-1947,79,1,First-Time Buyers
C0781,Individual,Gerald,Sanders,11/28/1940,M,USA,California,Investment,5,Yes,Website,11-28-1940,86,0,Global Investors
C0782,Individual,Ethan,Williams,10-02-1970,M,USA,Utah,Investment,2,Yes,Website,10-02-1970,56,0,Global Investors
C0783,Individual,Betty,Sanders,3/27/1961,F,Canada,Alberta,Home,1,Yes,Agency,3-27-1961,65,2,Corporate Buyers
C0784,Individual,Charles,Baker,6/26/1973,M,Mexico,Baja California,Investment,4,No,Website,6-26-1973,53,0,Global Investors
C0785,Company,Rexon,Co,3/27/1971,F,USA,California,Home,2,No,Website,3-27-1971,55,3,Luxury Investors
C0786,Individual,Sarah,Martin,3/25/1983,F,USA,California,Investment,3,No,Website,3-25-1983,43,0,Global Investors
C0787,Individual,Andrew,Jackson,11/20/1950,M,USA,Washington,Home,1,No,Website,11-20-1950,76,1,First-Time Buyers
C0788,Individual,Matthew,Stone,5/14/1944,M,France,Brittany,Investment,4,No,Website,5-14-1944,82,0,Global Investors
C0789,Individual,Madison,Price,04-06-1974,F,Canada,Ontario,Investment,1,No,Website,04-06-1974,52,0,Global Investors
C0790,Individual,Brandon,Cooper,1/18/1974,M,USA,California,Home,5,Yes,Agency,1-18-1974,52,2,Corporate Buyers
C0791,Individual,Walter,Adams,01-07-1983,M,USA,Texas,Home,4,No,Website,01-07-1983,43,1,First-Time Buyers
C0792,Individual,Joseph,Richardson,4/14/1982,M,USA,California,Investment,4,Yes,Website,4-14-1982,44,0,Global Investors
C0793,Individual,Kevin,Brown,09-04-1969,M,USA,New York,Home,4,No,Agency,09-04-1969,57,1,First-Time Buyers
C0794,Individual,Gregory,Mitchell,02-11-1951,M,USA,California,Home,4,Yes,Website,02-11-1951,75,2,Corporate Buyers
C0795,Individual,Harold,Murray,1/14/1969,M,USA,California,Investment,4,Yes,Website,1-14-1969,57,0,Global Investors
C0796,Individual,Stephanie,Ward,04-11-1983,F,USA,California,Investment,5,Yes,Website,04-11-1983,43,0,Global Investors
C0797,Individual,Joan,Gray,06-08-1990,F,USA,Oregon,Home,5,Yes,Agency,06-08-1990,36,2,Corporate Buyers
C0798,Company,Novex,Co,10/21/1965,M,USA,Nevada,Home,4,Yes,Agency,10-21-1965,61,3,Luxury Investors
C0799,Individual,Pamela,Johnson,7/24/1954,F,USA,California,Home,4,No,Website,7-24-1954,72,1,First-Time Buyers
C0800,Individual,Lawrence,Smith,01-02-1974,M,USA,Virginia,Investment,5,Yes,Website,01-02-1974,52,0,Global Investors
C0801,Individual,Betty,Price,04-03-1969,F,USA,Washington,Home,4,Yes,Website,04-03-1969,57,2,Corporate Buyers
C0802,Individual,Matthew,Williams,11-10-1970,M,USA,Virginia,Home,5,No,Agency,11-10-1970,56,1,First-Time Buyers
C0803,Individual,Evelyn,Moore,12/13/1945,F,USA,Texas,Home,4,No,Agency,12-13-1945,81,1,First-Time Buyers
C0804,Individual,Tyler,Cook,01-10-1967,M,USA,Washington,Home,5,No,Agency,01-10-1967,59,1,First-Time Buyers
C0805,Individual,Albert,Cook,1/17/1953,M,Germany,Berlin,Home,1,Yes,Website,1-17-1953,73,2,Corporate Buyers
C0806,Individual,Jack,Richardson,11/18/1989,M,France,Ile-de-France,Home,5,No,Client,11-18-1989,37,1,First-Time Buyers
C0807,Individual,Amy,Chavez,11/16/1993,F,Mexico,Mexico City,Investment,5,No,Website,11-16-1993,33,0,Global Investors
C0808,Individual,Gregory,Ward,5/17/1943,M,Germany,Berlin,Home,3,Yes,Website,5-17-1943,83,2,Corporate Buyers
C0809,Individual,Hannah,Alexander,2/16/1967,F,France,Occitanie,Home,5,Yes,Agency,2-16-1967,59,2,Corporate Buyers
C0810,Individual,Ronald,Sanders,2/13/1995,M,USA,California,Home,1,Yes,Website,2-13-1995,31,2,Corporate Buyers
C0811,Individual,Carl,Allen,4/17/1945,M,UK,Wales,Home,3,No,Agency,4-17-1945,81,1,First-Time Buyers
C0812,Individual,Harold,Cooper,8/24/1974,M,UK,Northern Ireland,Home,3,Yes,Website,8-24-1974,52,2,Corporate Buyers
C0813,Individual,Gerald,Cook,10-11-1974,M,UK,Scotland,Investment,3,No,Agency,10-11-1974,52,0,Global Investors
C0814,Individual,Joan,Stewart,3/26/1964,F,USA,California,Home,2,No,Website,3-26-1964,62,1,First-Time Buyers
C0815,Company,Horizon,Co,11-06-1965,F,USA,Nevada,Home,4,Yes,Agency,11-06-1965,61,3,Luxury Investors
C0816,Individual,Deborah,Wright,12/23/1947,F,Germany,Hamburg,Home,2,Yes,Website,12-23-1947,79,2,Corporate Buyers
C0817,Individual,Grace,Thompson,05-12-1972,F,USA,California,Investment,1,No,Website,05-12-1972,54,0,Global Investors
C0818,Company,Sterling,Co,09-08-1991,F,USA,Colorado,Home,2,No,Website,09-08-1991,35,3,Luxury Investors
C0819,Individual,Jose,Bryant,3/15/1951,M,USA,California,Home,5,No,Website,3-15-1951,75,1,First-Time Buyers
C0820,Individual,Judith,Collins,10/22/1940,F,USA,Texas,Investment,4,No,Agency,10-22-1940,86,0,Global Investors
C0821,Individual,Elizabeth,Moore,09-04-1957,F,USA,California,Home,5,Yes,Agency,09-04-1957,69,2,Corporate Buyers
C0822,Individual,Jessica,Weaver,4/19/1959,F,USA,California,Investment,3,Yes,Website,4-19-1959,67,0,Global Investors
C0823,Individual,Nancy,Hayes,4/16/1975,F,USA,Oregon,Investment,5,Yes,Agency,4-16-1975,51,0,Global Investors
C0824,Individual,Douglas,Cox,06-01-1976,M,USA,California,Home,3,No,Agency,06-01-1976,50,1,First-Time Buyers
C0825,Individual,Ruth,Hughes,3/26/1982,F,Mexico,Nuevo Leon,Home,4,Yes,Agency,3-26-1982,44,2,Corporate Buyers
C0826,Individual,Jason,Stewart,09-11-1970,M,USA,Ohio,Investment,4,Yes,Website,09-11-1970,56,0,Global Investors
C0827,Individual,Ruth,Wright,8/23/1965,F,USA,Washington,Home,2,Yes,Website,8-23-1965,61,2,Corporate Buyers
C0828,Individual,Elizabeth,Stewart,10-10-1947,F,USA,Arizona,Investment,4,Yes,Website,10-10-1947,79,0,Global Investors
C0829,Individual,Jonathan,Stewart,11/16/1960,M,USA,Utah,Investment,3,No,Website,11-16-1960,66,0,Global Investors
C0830,Individual,William,Martin,5/16/1952,M,USA,Oregon,Investment,3,No,Agency,5-16-1952,74,0,Global Investors
C0831,Individual,Judith,Martin,9/24/1977,F,USA,California,Home,2,No,Website,9-24-1977,49,1,First-Time Buyers
C0832,Individual,Dorothy,Ward,01-09-1990,F,USA,Nevada,Investment,3,Yes,Website,01-09-1990,36,0,Global Investors
C0833,Individual,Roger,Green,11-06-1951,M,Denmark,Southern Denmark,Home,5,No,Website,11-06-1951,75,1,First-Time Buyers
C0834,Individual,Helen,Parker,12/23/1957,F,USA,California,Home,5,No,Website,12-23-1957,69,1,First-Time Buyers
C0835,Individual,Maria,Foster,06-06-1974,F,USA,California,Home,5,Yes,Website,06-06-1974,52,2,Corporate Buyers
C0836,Individual,Adam,Sanders,02-04-1942,M,USA,Ohio,Home,4,No,Website,02-04-1942,84,1,First-Time Buyers
C0837,Individual,Peter,Montgomery,06-06-1967,M,France,Brittany,Home,1,No,Website,06-06-1967,59,1,First-Time Buyers
C0838,Individual,Jacob,Morris,04-05-1992,M,USA,Nevada,Investment,1,Yes,Website,04-05-1992,34,0,Global Investors
C0839,Individual,Elizabeth,Baker,1/26/1994,F,UK,England,Home,5,Yes,Agency,1-26-1994,32,2,Corporate Buyers
C0840,Individual,Elizabeth,Wilson,11-01-1981,F,Belgium,Brussels,Home,1,No,Website,11-01-1981,45,1,First-Time Buyers
C0841,Individual,Timothy,Cooper,02-05-1999,M,Belgium,Wallonia,Home,5,No,Website,02-05-1999,27,1,First-Time Buyers
C0842,Individual,Keith,Morales,2/27/1996,M,USA,Washington,Home,5,Yes,Client,2-27-1996,30,2,Corporate Buyers
C0843,Individual,Amanda,Hansen,12-04-2000,F,USA,Georgia,Home,4,No,Agency,12-04-2000,26,1,First-Time Buyers
C0844,Individual,Margaret,Scott,6/13/1947,F,USA,California,Home,2,No,Website,6-13-1947,79,1,First-Time Buyers
C0845,Individual,Ashley,Long,09-05-1993,F,USA,Washington,Home,3,No,Client,09-05-1993,33,1,First-Time Buyers
C0846,Individual,Martha,Harris,5/15/1976,F,Canada,Quebec,Investment,3,No,Agency,5-15-1976,50,0,Global Investors
C0847,Individual,Nicole,James,2/27/1988,F,USA,Utah,Home,2,Yes,Agency,2-27-1988,38,2,Corporate Buyers
C0848,Individual,Aaron,Hughes,11/22/1967,M,USA,California,Home,4,No,Agency,11-22-1967,59,1,First-Time Buyers
C0849,Individual,Brian,Wilson,04-11-1977,M,USA,Oregon,Home,1,Yes,Website,04-11-1977,49,2,Corporate Buyers
C0850,Individual,Judy,Stone,11/13/1983,F,USA,Colorado,Investment,5,No,Agency,11-13-1983,43,0,Global Investors
C0851,Individual,Kyle,White,5/16/1993,M,USA,California,Investment,2,Yes,Website,5-16-1993,33,0,Global Investors
C0852,Individual,Carl,Brown,7/20/1989,M,Germany,North Rhine-Westphalia,Home,2,No,Agency,7-20-1989,37,1,First-Time Buyers
C0853,Individual,Gerald,Bryant,08-07-1950,M,USA,Utah,Home,4,No,Website,08-07-1950,76,1,First-Time Buyers
C0854,Individual,David,Reyes,2/13/1944,M,USA,California,Home,4,No,Website,2-13-1944,82,1,First-Time Buyers
C0855,Individual,Amanda,Foster,03-10-1973,F,Australia,Queensland,Home,4,No,Website,03-10-1973,53,1,First-Time Buyers
C0856,Individual,Janice,Chavez,8/16/1964,F,USA,Florida,Home,5,Yes,Website,8-16-1964,62,2,Corporate Buyers
C0857,Individual,Danielle,Ward,05-11-1951,F,USA,California,Investment,1,Yes,Website,05-11-1951,75,0,Global Investors
C0858,Individual,Samuel,Howard,07-12-1994,M,USA,Nevada,Home,1,No,Website,07-12-1994,32,1,First-Time Buyers
C0859,Individual,Megan,Anderson,12-03-1942,F,USA,California,Home,2,Yes,Agency,12-03-1942,84,2,Corporate Buyers
C0860,Individual,Virginia,Morales,07-09-1968,F,USA,Utah,Home,5,Yes,Website,07-09-1968,58,2,Corporate Buyers
C0861,Individual,Christine,Peterson,08-04-1994,F,France,Brittany,Investment,2,No,Agency,08-04-1994,32,0,Global Investors
C0862,Individual,Amanda,Jordan,6/14/1981,F,USA,Colorado,Investment,1,No,Website,6-14-1981,45,0,Global Investors
C0863,Individual,Brandon,Peterson,4/20/1975,M,Belgium,Wallonia,Home,5,Yes,Agency,4-20-1975,51,2,Corporate Buyers
C0864,Individual,Noah,Kim,07-07-1970,M,USA,Texas,Home,3,No,Website,07-07-1970,56,1,First-Time Buyers
C0865,Individual,Rebecca,Gray,5/20/1975,F,USA,Colorado,Investment,5,Yes,Website,5-20-1975,51,0,Global Investors
C0866,Individual,Lawrence,Bryant,11/27/1987,M,Belgium,Brussels,Home,3,No,Agency,11-27-1987,39,1,First-Time Buyers
C0867,Individual,Julia,Davis,04-12-1967,F,USA,California,Home,2,No,Agency,04-12-1967,59,1,First-Time Buyers
C0868,Individual,Victoria,Rogers,2/21/1945,F,USA,Florida,Home,3,Yes,Agency,2-21-1945,81,2,Corporate Buyers
C0869,Individual,Jose,Roberts,03-07-1993,M,USA,California,Home,4,No,Agency,03-07-1993,33,1,First-Time Buyers
C0870,Company,Harmon,Co,09-01-1966,F,UK,Northern Ireland,Home,2,Yes,Website,09-01-1966,60,3,Luxury Investors
C0871,Individual,Pamela,Pierce,11/28/1989,F,USA,Virginia,Home,1,Yes,Website,11-28-1989,37,2,Corporate Buyers
C0872,Individual,Sarah,Bennett,6/22/1943,F,UK,England,Home,4,No,Website,6-22-1943,83,1,First-Time Buyers
C0873,Individual,Gerald,Murray,09-09-1940,M,USA,New York,Home,2,No,Website,09-09-1940,86,1,First-Time Buyers
C0874,Individual,Debra,Murray,7/26/1953,F,Belgium,Flanders,Investment,2,No,Website,7-26-1953,73,0,Global Investors
C0875,Individual,Jeffrey,Evans,07-09-1972,M,Canada,Manitoba,Home,4,No,Website,07-09-1972,54,1,First-Time Buyers
C0876,Individual,Benjamin,Chavez,8/22/1973,M,USA,California,Home,3,No,Client,8-22-1973,53,1,First-Time Buyers
C0877,Individual,Jennifer,Weaver,12/22/1998,F,USA,Utah,Investment,2,Yes,Agency,12-22-1998,28,0,Global Investors
C0878,Individual,Ashley,Hansen,4/28/1945,F,USA,Nevada,Home,4,Yes,Website,4-28-1945,81,2,Corporate Buyers
C0879,Individual,Brandon,Adams,3/15/1945,M,UK,Northern Ireland,Home,4,Yes,Website,3-15-1945,81,2,Corporate Buyers
C0880,Individual,Judith,Bennett,6/23/1941,F,USA,New York,Home,2,No,Website,6-23-1941,85,1,First-Time Buyers
C0881,Individual,Ruth,Weaver,9/24/1954,F,USA,Colorado,Investment,1,No,Website,9-24-1954,72,0,Global Investors
C0882,Individual,Peter,Moore,07-07-2000,M,UK,Wales,Home,3,No,Website,07-07-2000,26,1,First-Time Buyers
C0883,Individual,Gerald,Thompson,10/22/1946,M,USA,Texas,Home,4,No,Client,10-22-1946,80,1,First-Time Buyers
C0884,Individual,Joe,Reed,05-07-1949,M,USA,Nevada,Home,2,No,Website,05-07-1949,77,1,First-Time Buyers
C0885,Individual,Michael,Williams,9/21/1941,M,Canada,British Columbia,Investment,2,Yes,Agency,9-21-1941,85,0,Global Investors
C0886,Individual,Joseph,Brooks,7/20/1961,M,USA,California,Home,3,Yes,Agency,7-20-1961,65,2,Corporate Buyers
C0887,Individual,Joan,Bryant,4/23/1993,F,USA,California,Home,3,No,Agency,4-23-1993,33,1,First-Time Buyers
C0888,Individual,Sharon,Montgomery,5/24/1987,F,Germany,Berlin,Home,4,Yes,Website,5-24-1987,39,2,Corporate Buyers
C0889,Individual,Scott,Campbell,10/15/1985,M,USA,Nevada,Investment,4,Yes,Website,10-15-1985,41,0,Global Investors
C0890,Individual,Julie,Nelson,7/23/1955,F,USA,Virginia,Investment,3,Yes,Website,7-23-1955,71,0,Global Investors
C0891,Individual,Raymond,Roberts,6/20/1970,M,Germany,North Rhine-Westphalia,Investment,1,Yes,Website,6-20-1970,56,0,Global Investors
C0892,Individual,Helen,Watson,06-05-1958,F,USA,California,Investment,2,Yes,Website,06-05-1958,68,0,Global Investors
C0893,Individual,Evelyn,Thompson,6/23/1995,F,USA,Colorado,Home,3,Yes,Website,6-23-1995,31,2,Corporate Buyers
C0894,Individual,Carl,Evans,6/14/1953,M,USA,Georgia,Home,5,No,Website,6-14-1953,73,1,First-Time Buyers
C0895,Individual,Amanda,Rogers,8/25/1953,F,USA,Arizona,Investment,4,Yes,Website,8-25-1953,73,0,Global Investors
C0896,Individual,Timothy,Jones,05-06-1970,M,France,Brittany,Home,4,Yes,Agency,05-06-1970,56,2,Corporate Buyers
C0897,Individual,Ann,Foster,08-04-1971,F,Australia,Victoria,Home,1,No,Website,08-04-1971,55,1,First-Time Buyers
C0898,Individual,Deborah,King,9/27/1953,F,USA,Arizona,Investment,5,Yes,Agency,9-27-1953,73,0,Global Investors
C0899,Company,Apex,Co,6/26/1988,F,USA,Washington,Investment,2,No,Website,6-26-1988,38,3,Luxury Investors
C0900,Individual,Betty,Cook,5/22/1999,F,Germany,North Rhine-Westphalia,Home,4,No,Agency,5-22-1999,27,1,First-Time Buyers
C0901,Individual,Gregory,Allen,2/15/1999,M,France,Brittany,Investment,4,No,Agency,2-15-1999,27,0,Global Investors
C0902,Company,Peerex,Co,02-11-1964,F,UK,Northern Ireland,Home,3,Yes,Agency,02-11-1964,62,3,Luxury Investors
C0903,Individual,Christine,Morales,4/28/1992,F,USA,Texas,Investment,3,No,Website,4-28-1992,34,0,Global Investors
C0904,Individual,Nancy,Brooks,03-08-1984,F,Russia,Saint Petersburg,Home,1,Yes,Website,03-08-1984,42,2,Corporate Buyers
C0905,Individual,Emma,Allen,5/16/1993,F,USA,Virginia,Home,5,Yes,Website,5-16-1993,33,2,Corporate Buyers
C0906,Individual,Jacqueline,Baker,8/13/1969,F,USA,California,Investment,5,No,Website,8-13-1969,57,0,Global Investors
C0907,Individual,Danielle,Scott,11/14/1973,F,USA,California,Home,3,No,Agency,11-14-1973,53,1,First-Time Buyers
C0908,Individual,Carl,Kim,11/17/1960,M,USA,California,Home,4,Yes,Agency,11-17-1960,66,2,Corporate Buyers
C0909,Individual,Brandon,Turner,07-10-1967,M,USA,California,Investment,1,Yes,Agency,07-10-1967,59,0,Global Investors
C0910,Individual,Victoria,Jackson,11/24/1971,F,USA,Texas,Home,3,Yes,Agency,11-24-1971,55,2,Corporate Buyers
C0911,Individual,Donald,Long,3/27/1989,M,USA,California,Home,4,No,Website,3-27-1989,37,1,First-Time Buyers
C0912,Individual,Christina,Freeman,05-11-1949,F,USA,California,Home,1,No,Agency,05-11-1949,77,1,First-Time Buyers
C0913,Individual,Nathan,Hansen,1/13/1999,M,USA,California,Home,4,No,Agency,1-13-1999,27,1,First-Time Buyers
C0914,Individual,Helen,Freeman,10-12-1948,F,France,Provence,Investment,4,No,Website,10-12-1948,78,0,Global Investors
C0915,Individual,Ronald,Harris,1/23/1948,M,USA,Florida,Home,2,No,Agency,1-23-1948,78,1,First-Time Buyers
C0916,Individual,Nathan,Hansen,02-10-1988,M,Russia,Moscow Oblast,Home,2,No,Website,02-10-1988,38,1,First-Time Buyers
C0917,Individual,Kenneth,Hughes,08-01-1969,M,USA,Arizona,Home,2,Yes,Agency,08-01-1969,57,2,Corporate Buyers
C0918,Individual,Susan,Cook,2/21/2000,F,Australia,Western Australia,Home,4,No,Client,2-21-2000,26,1,First-Time Buyers
C0919,Individual,Barbara,Foster,8/17/1975,F,Canada,Quebec,Investment,5,No,Agency,8-17-1975,51,0,Global Investors
C0920,Individual,Christian,Williams,10-11-1973,M,USA,California,Home,4,No,Website,10-11-1973,53,1,First-Time Buyers
C0921,Individual,Christina,Reyes,03-10-1999,F,Australia,New South Wales,Home,4,No,Agency,03-10-1999,27,1,First-Time Buyers
C0922,Individual,Joe,Bell,10/28/1942,M,Australia,Victoria,Investment,4,Yes,Website,10-28-1942,84,0,Global Investors
C0923,Individual,Ruth,Richardson,8/26/1950,F,USA,Oregon,Home,3,No,Client,8-26-1950,76,1,First-Time Buyers
C0924,Individual,Emily,Wright,3/20/1988,F,USA,California,Home,4,No,Website,3-20-1988,38,1,First-Time Buyers
C0925,Individual,Michael,Ward,05-12-1944,M,Germany,Hamburg,Home,2,No,Website,05-12-1944,82,1,First-Time Buyers
C0926,Individual,Lauren,Harris,04-04-1961,F,USA,California,Home,3,No,Website,04-04-1961,65,1,First-Time Buyers
C0927,Individual,Carol,Hayes,11-04-1962,F,France,Ile-de-France,Home,4,No,Client,11-04-1962,64,1,First-Time Buyers
C0928,Individual,Jordan,Jordan,2/27/1950,M,USA,California,Home,1,Yes,Agency,2-27-1950,76,2,Corporate Buyers
C0929,Individual,Jack,Hall,5/23/1954,M,USA,Washington,Home,4,No,Website,5-23-1954,72,1,First-Time Buyers
C0930,Individual,Debra,Moore,4/15/1993,F,USA,Washington,Investment,1,Yes,Agency,4-15-1993,33,0,Global Investors
C0931,Individual,Daniel,Parker,12/25/1977,M,USA,Nevada,Investment,2,Yes,Client,12-25-1977,49,0,Global Investors
C0932,Individual,Kathleen,Moore,7/14/1949,F,USA,New York,Home,5,No,Website,7-14-1949,77,1,First-Time Buyers
C0933,Individual,Kimberly,Johnson,09-03-1955,F,USA,California,Home,4,No,Website,09-03-1955,71,1,First-Time Buyers
C0934,Individual,Barbara,Allen,10-02-1943,F,UK,Northern Ireland,Investment,5,Yes,Website,10-02-1943,83,0,Global Investors
C0935,Individual,Katherine,Cooper,5/17/2000,F,Canada,Manitoba,Home,4,No,Agency,5-17-2000,26,1,First-Time Buyers
C0936,Individual,Carolyn,Brooks,04-10-1951,F,USA,California,Home,3,No,Client,04-10-1951,75,1,First-Time Buyers
C0937,Individual,Gerald,Chavez,04-03-1982,M,USA,Arizona,Home,5,No,Client,04-03-1982,44,1,First-Time Buyers
C0938,Individual,William,Chavez,05-08-1963,M,Russia,Krasnodar Krai,Home,4,No,Website,05-08-1963,63,1,First-Time Buyers
C0939,Individual,Anna,Alexander,02-02-1978,F,Belgium,Brussels,Investment,1,No,Website,02-02-1978,48,0,Global Investors
C0940,Individual,Kyle,Bell,12/19/1985,M,USA,Virginia,Investment,5,No,Website,12-19-1985,41,0,Global Investors
C0941,Individual,Grace,Moore,7/17/1955,F,Mexico,Jalisco,Home,1,No,Agency,7-17-1955,71,1,First-Time Buyers
C0942,Individual,Joan,Jackson,12/14/1991,F,USA,California,Home,1,No,Website,12-14-1991,35,1,First-Time Buyers
C0943,Individual,Karen,Cox,9/13/1957,F,Canada,Manitoba,Investment,5,No,Website,9-13-1957,69,0,Global Investors
C0944,Individual,Virginia,Hughes,8/24/1956,F,USA,Florida,Home,2,No,Website,8-24-1956,70,1,First-Time Buyers
C0945,Individual,Emily,Hayes,09-04-1945,F,France,Provence,Home,4,No,Website,09-04-1945,81,1,First-Time Buyers
C0946,Individual,Ashley,Weaver,07-04-1946,F,USA,Nevada,Investment,3,Yes,Agency,07-04-1946,80,0,Global Investors
C0947,Individual,Samantha,Cox,5/16/1981,F,USA,Texas,Home,2,No,Website,5-16-1981,45,1,First-Time Buyers
C0948,Individual,Emma,Nelson,12/16/1989,F,USA,California,Investment,3,Yes,Website,12-16-1989,37,0,Global Investors
C0949,Individual,Julia,Price,6/26/1943,F,USA,Colorado,Investment,5,Yes,Client,6-26-1943,83,0,Global Investors
C0950,Individual,Christina,Price,12-11-1991,F,USA,Texas,Investment,5,No,Website,12-11-1991,35,0,Global Investors
C0951,Individual,Rachel,Chavez,11/15/1998,F,Mexico,Nuevo Leon,Home,1,Yes,Client,11-15-1998,28,2,Corporate Buyers
C0952,Individual,Ann,Martin,09-03-1959,F,USA,Oregon,Home,5,No,Website,09-03-1959,67,1,First-Time Buyers
C0953,Company,Helios,Co,10/22/1995,M,USA,Washington,Home,5,Yes,Website,10-22-1995,31,3,Luxury Investors
C0954,Individual,Michael,Evans,04-08-1950,M,France,Brittany,Investment,4,Yes,Agency,04-08-1950,76,0,Global Investors
C0955,Individual,Megan,Garcia,01-11-1969,F,USA,California,Home,1,No,Website,01-11-1969,57,1,First-Time Buyers
C0956,Individual,Donald,Jackson,03-10-1966,M,USA,California,Home,1,Yes,Website,03-10-1966,60,2,Corporate Buyers
C0957,Company,Crestwood,Co,5/21/1961,M,USA,Oregon,Home,2,Yes,Client,5-21-1961,65,3,Luxury Investors
C0958,Individual,Betty,Rogers,07-11-1991,F,USA,Nevada,Home,1,Yes,Website,07-11-1991,35,2,Corporate Buyers
C0959,Individual,Carl,Hayes,9/13/1952,M,USA,California,Home,3,No,Agency,9-13-1952,74,1,First-Time Buyers
C0960,Individual,Linda,Bennett,04-01-1960,F,USA,Arizona,Investment,1,Yes,Client,04-01-1960,66,0,Global Investors
C0961,Individual,Brandon,Morales,08-03-1974,M,UK,Wales,Home,2,Yes,Website,08-03-1974,52,2,Corporate Buyers
C0962,Individual,Nicholas,Hansen,7/18/1940,M,USA,California,Home,4,No,Website,7-18-1940,86,1,First-Time Buyers
C0963,Individual,James,Davis,08-09-1941,M,Canada,Alberta,Home,4,No,Agency,08-09-1941,85,1,First-Time Buyers
C0964,Individual,Elizabeth,Hall,9/19/1953,F,USA,California,Home,4,No,Website,9-19-1953,73,1,First-Time Buyers
C0965,Individual,Lauren,Adams,9/26/1961,F,USA,New York,Investment,3,No,Website,9-26-1961,65,0,Global Investors
C0966,Company,Corvus,Co,10-11-1995,M,USA,California,Investment,3,No,Website,10-11-1995,31,3,Luxury Investors
C0967,Individual,Jennifer,Moore,1/20/1959,F,USA,California,Home,2,No,Agency,1-20-1959,67,1,First-Time Buyers
C0968,Individual,Julie,Hansen,11/21/1995,F,USA,Arizona,Home,4,No,Website,11-21-1995,31,1,First-Time Buyers
C0969,Individual,Amber,Ward,3/27/1976,F,Russia,Tatarstan,Investment,1,Yes,Agency,3-27-1976,50,0,Global Investors
C0970,Individual,Peter,Johnson,12-01-1986,M,Denmark,North Denmark,Home,3,Yes,Website,12-01-1986,40,2,Corporate Buyers
C0971,Individual,Cynthia,Mitchell,06-02-1969,F,USA,Colorado,Investment,5,Yes,Website,06-02-1969,57,0,Global Investors
C0972,Individual,Sandra,Evans,9/16/1964,F,USA,Arizona,Home,5,No,Agency,9-16-1964,62,1,First-Time Buyers
C0973,Individual,Charles,Stone,12-03-1992,M,USA,California,Investment,2,No,Client,12-03-1992,34,0,Global Investors
C0974,Individual,Michael,Hansen,5/22/1961,M,USA,New York,Home,1,No,Agency,5-22-1961,65,1,First-Time Buyers
C0975,Individual,Gregory,Reyes,07-09-1946,M,USA,Utah,Home,4,No,Website,07-09-1946,80,1,First-Time Buyers
C0976,Individual,Ryan,Miller,7/18/1983,M,USA,California,Home,4,Yes,Website,7-18-1983,43,2,Corporate Buyers
C0977,Individual,Ryan,James,04-07-1996,M,USA,California,Home,1,No,Agency,04-07-1996,30,1,First-Time Buyers
C0978,Individual,Lauren,Brown,11-11-1963,F,USA,California,Home,4,Yes,Website,11-11-1963,63,2,Corporate Buyers
C0979,Individual,Madison,Roberts,2/25/1940,F,Canada,Quebec,Investment,4,No,Website,2-25-1940,86,0,Global Investors
C0980,Individual,Daniel,Davis,1/13/1942,M,USA,New York,Investment,1,Yes,Website,1-13-1942,84,0,Global Investors
C0981,Individual,Jessica,Stewart,11/14/1961,F,USA,California,Investment,1,No,Website,11-14-1961,65,0,Global Investors
C0982,Individual,Joyce,Jackson,07-08-1961,F,Canada,Manitoba,Investment,5,Yes,Agency,07-08-1961,65,0,Global Investors
C0983,Individual,Brittany,Freeman,6/21/1994,F,Germany,North Rhine-Westphalia,Home,4,No,Website,6-21-1994,32,1,First-Time Buyers
C0984,Individual,Mark,Johnson,12-03-1962,M,Canada,British Columbia,Home,5,Yes,Agency,12-03-1962,64,2,Corporate Buyers
C0985,Individual,Ruth,Griffin,10/15/1954,F,USA,California,Home,1,Yes,Website,10-15-1954,72,2,Corporate Buyers
C0986,Individual,Jacqueline,Ward,10/18/1981,F,Russia,Saint Petersburg,Home,2,No,Website,10-18-1981,45,1,First-Time Buyers
C0987,Individual,Maria,Johnson,10/22/1967,F,Germany,North Rhine-Westphalia,Home,1,Yes,Agency,10-22-1967,59,2,Corporate Buyers
C0988,Individual,Douglas,Cooper,4/21/1988,M,USA,Texas,Home,3,Yes,Agency,4-21-1988,38,2,Corporate Buyers
C0989,Individual,Amber,Cook,10/19/1946,F,USA,Oregon,Home,4,No,Website,10-19-1946,80,1,First-Time Buyers
C0990,Individual,Carl,Carter,1/21/1942,M,USA,Utah,Home,4,No,Website,1-21-1942,84,1,First-Time Buyers
C0991,Individual,Heather,Adams,3/27/1975,F,USA,Nevada,Home,1,No,Website,3-27-1975,51,1,First-Time Buyers
C0992,Individual,Scott,Hughes,11/19/1988,M,Denmark,Capital Region,Home,1,Yes,Website,11-19-1988,38,2,Corporate Buyers
C0993,Individual,Ryan,Campbell,03-11-1954,M,USA,California,Home,2,Yes,Website,03-11-1954,72,2,Corporate Buyers
C0994,Individual,Michael,Moore,11/26/1976,M,USA,California,Home,3,No,Website,11-26-1976,50,1,First-Time Buyers
C0995,Individual,Amanda,Kim,10/14/1949,F,Australia,New South Wales,Home,1,Yes,Website,10-14-1949,77,2,Corporate Buyers
C0996,Individual,Terry,Howard,06-11-1956,M,Canada,Manitoba,Home,2,Yes,Client,06-11-1956,70,2,Corporate Buyers
C0997,Individual,Terry,Collins,03-11-1950,M,USA,California,Investment,3,Yes,Agency,03-11-1950,76,0,Global Investors
C0998,Company,Grandis,Co,05-06-1969,F,USA,Virginia,Home,4,No,Agency,05-06-1969,57,3,Luxury Investors
C0999,Individual,Jacqueline,Cox,9/15/1969,F,USA,California,Investment,3,No,Agency,9-15-1969,57,0,Global Investors
C1000,Individual,Judith,Parker,7/21/1963,F,USA,Utah,Home,2,Yes,Website,7-21-1963,63,2,Corporate Buyers
C1001,Individual,Aaron,Nelson,7/13/1981,M,USA,California,Home,3,No,Website,7-13-1981,45,1,First-Time Buyers
C1002,Individual,Scott,Hughes,06-08-1967,M,USA,California,Home,5,No,Website,06-08-1967,59,1,First-Time Buyers
C1003,Individual,Lauren,Bennett,08-11-1977,F,USA,Nevada,Home,2,No,Website,08-11-1977,49,1,First-Time Buyers
C1004,Individual,Alexander,Anderson,9/17/1982,M,USA,Oregon,Home,3,Yes,Website,9-17-1982,44,2,Corporate Buyers
C1005,Individual,Barbara,Chavez,06-07-1988,F,Germany,Hamburg,Home,3,No,Client,06-07-1988,38,1,First-Time Buyers
C1006,Individual,Stephanie,Weaver,12/24/1992,F,USA,Georgia,Home,1,No,Website,12-24-1992,34,1,First-Time Buyers
C1007,Individual,Joyce,Brooks,10/25/1948,F,UK,England,Home,4,No,Agency,10-25-1948,78,1,First-Time Buyers
C1008,Company,Sterling,Co,10-02-1987,M,USA,California,Home,2,No,Website,10-02-1987,39,3,Luxury Investors
C1009,Individual,Evelyn,Bell,02-11-1950,F,USA,Nevada,Investment,4,Yes,Agency,02-11-1950,76,0,Global Investors
C1010,Individual,Dennis,Moore,03-10-1964,M,Mexico,Jalisco,Home,4,No,Website,03-10-1964,62,1,First-Time Buyers
C1011,Individual,Virginia,Brooks,12/18/1952,F,USA,California,Investment,1,No,Website,12-18-1952,74,0,Global Investors
C1012,Individual,Raymond,Morales,10/20/1960,M,USA,New York,Home,4,Yes,Website,10-20-1960,66,2,Corporate Buyers
C1013,Individual,Stephanie,Patterson,6/19/1994,F,USA,Oregon,Home,1,Yes,Website,6-19-1994,32,2,Corporate Buyers
C1014,Individual,David,Weaver,01-06-1969,M,USA,California,Home,3,Yes,Website,01-06-1969,57,2,Corporate Buyers
C1015,Individual,Kyle,Davis,09-01-1977,M,USA,California,Home,4,Yes,Website,09-01-1977,49,2,Corporate Buyers
C1016,Individual,Andrea,Wilson,04-05-1976,F,USA,California,Home,4,Yes,Agency,04-05-1976,50,2,Corporate Buyers
C1017,Individual,Megan,Baker,12/22/1968,F,USA,California,Home,1,Yes,Agency,12-22-1968,58,2,Corporate Buyers
C1018,Individual,Tiffany,Turner,6/19/1967,F,USA,Colorado,Home,5,Yes,Client,6-19-1967,59,2,Corporate Buyers
C1019,Individual,Carolyn,Stewart,10/27/1975,F,USA,Nevada,Home,2,No,Client,10-27-1975,51,1,First-Time Buyers
C1020,Individual,Deborah,Morales,7/23/1994,F,USA,California,Home,3,No,Agency,7-23-1994,32,1,First-Time Buyers
C1021,Individual,Jeffrey,Bryant,09-04-1974,M,USA,California,Investment,1,No,Client,09-04-1974,52,0,Global Investors
C1022,Individual,Christina,King,4/17/1984,F,USA,Colorado,Home,1,No,Agency,4-17-1984,42,1,First-Time Buyers
C1023,Individual,Heather,Bell,7/28/1953,F,USA,Nevada,Home,1,Yes,Website,7-28-1953,73,2,Corporate Buyers
C1024,Individual,Gregory,Long,08-03-1969,M,USA,Arizona,Investment,2,No,Agency,08-03-1969,57,0,Global Investors
C1025,Individual,Michelle,King,1/20/1947,F,USA,California,Home,1,No,Client,1-20-1947,79,1,First-Time Buyers
C1026,Individual,Robert,Parker,08-12-1991,M,USA,California,Investment,1,No,Agency,08-12-1991,35,0,Global Investors
C1027,Individual,Gerald,White,12-10-1976,M,USA,California,Investment,1,Yes,Client,12-10-1976,50,0,Global Investors
C1028,Individual,Nicholas,Cox,04-07-1942,M,USA,California,Home,1,Yes,Website,04-07-1942,84,2,Corporate Buyers
C1029,Individual,Ryan,Jackson,11-06-1949,M,Australia,Victoria,Home,1,No,Agency,11-06-1949,77,1,First-Time Buyers
C1030,Individual,Christine,Owens,4/20/1960,F,USA,Ohio,Home,4,No,Website,4-20-1960,66,1,First-Time Buyers
C1031,Individual,Alexander,Reed,1/13/1989,M,UK,England,Home,1,No,Website,1-13-1989,37,1,First-Time Buyers
C1032,Individual,Larry,Freeman,01-03-1977,M,USA,Nevada,Home,5,No,Website,01-03-1977,49,1,First-Time Buyers
C1033,Individual,Eric,Jackson,6/21/1962,M,France,Ile-de-France,Home,2,No,Website,6-21-1962,64,1,First-Time Buyers
C1034,Individual,Andrea,Wilson,1/20/1979,F,USA,Colorado,Home,5,No,Client,1-20-1979,47,1,First-Time Buyers
C1035,Individual,Jacob,Williams,02-10-1961,M,USA,Virginia,Home,2,No,Website,02-10-1961,65,1,First-Time Buyers
C1036,Individual,Martha,Collins,3/13/1988,F,USA,Oregon,Home,2,No,Agency,3-13-1988,38,1,First-Time Buyers
C1037,Company,Corvus,Co,01-02-1970,M,Mexico,Baja California,Home,2,Yes,Website,01-02-1970,56,3,Luxury Investors
C1038,Individual,Gerald,Gray,5/25/1959,M,USA,California,Investment,3,No,Website,5-25-1959,67,0,Global Investors
C1039,Individual,Nicholas,Carter,7/17/1962,M,USA,California,Home,1,Yes,Agency,7-17-1962,64,2,Corporate Buyers
C1040,Individual,Joseph,Young,04-05-1940,M,USA,California,Investment,5,Yes,Website,04-05-1940,86,0,Global Investors
C1041,Individual,Evelyn,Morris,12-07-1990,F,USA,Nevada,Home,5,Yes,Website,12-07-1990,36,2,Corporate Buyers
C1042,Individual,Rebecca,Parker,08-03-1945,F,USA,Nevada,Home,2,No,Agency,08-03-1945,81,1,First-Time Buyers
C1043,Individual,Carol,Griffin,7/14/1999,F,USA,Washington,Home,5,No,Website,7-14-1999,27,1,First-Time Buyers
C1044,Individual,Eric,Howard,5/15/1971,M,USA,Nevada,Investment,5,No,Website,5-15-1971,55,0,Global Investors
C1045,Individual,Rebecca,Allen,04-01-1942,F,USA,New York,Home,3,No,Website,04-01-1942,84,1,First-Time Buyers
C1046,Individual,Maria,Wood,5/21/1969,F,Canada,Quebec,Home,4,Yes,Website,5-21-1969,57,2,Corporate Buyers
C1047,Individual,Ronald,Reyes,12-12-1984,M,USA,Virginia,Home,3,No,Website,12-12-1984,42,1,First-Time Buyers
C1048,Individual,Angela,Turner,1/27/1970,F,USA,Oregon,Investment,1,No,Agency,1-27-1970,56,0,Global Investors
C1049,Individual,Tiffany,Sanders,11-05-1940,F,USA,California,Investment,5,No,Website,11-05-1940,86,0,Global Investors
C1050,Individual,Tyler,Watson,10-03-1955,M,USA,Georgia,Home,4,Yes,Website,10-03-1955,71,2,Corporate Buyers
C1051,Individual,Cheryl,Hansen,7/19/1958,F,USA,Virginia,Home,1,Yes,Agency,7-19-1958,68,2,Corporate Buyers
C1052,Individual,Kimberly,Parker,4/24/1953,F,USA,Utah,Home,1,Yes,Agency,4-24-1953,73,2,Corporate Buyers
C1053,Individual,Adam,Kim,11-10-1974,M,Mexico,Nuevo Leon,Home,2,Yes,Website,11-10-1974,52,2,Corporate Buyers
C1054,Individual,Edward,Foster,09-04-1989,M,USA,Arizona,Home,2,Yes,Website,09-04-1989,37,2,Corporate Buyers
C1055,Individual,Jonathan,Bennett,11/20/1972,M,USA,New York,Investment,2,Yes,Website,11-20-1972,54,0,Global Investors
C1056,Individual,Larry,Wilson,1/19/1979,M,USA,Colorado,Home,1,Yes,Website,1-19-1979,47,2,Corporate Buyers
C1057,Individual,Jesse,Garcia,4/17/1994,M,USA,Nevada,Investment,5,No,Website,4-17-1994,32,0,Global Investors
C1058,Individual,Rachel,Weaver,06-12-1973,F,Germany,Bavaria,Home,3,Yes,Website,06-12-1973,53,2,Corporate Buyers
C1059,Individual,Danielle,Davis,6/26/1978,F,USA,California,Home,4,No,Website,6-26-1978,48,1,First-Time Buyers
C1060,Individual,Christian,Evans,12/25/1940,M,USA,Nevada,Home,5,No,Agency,12-25-1940,86,1,First-Time Buyers
C1061,Individual,Stephanie,Smith,06-01-1960,F,UK,Scotland,Home,1,No,Website,06-01-1960,66,1,First-Time Buyers
C1062,Individual,Billy,Foster,12/20/1975,M,USA,California,Home,4,No,Agency,12-20-1975,51,1,First-Time Buyers
C1063,Individual,Nicole,Weaver,12-05-1988,F,USA,New York,Investment,5,Yes,Website,12-05-1988,38,0,Global Investors
C1064,Individual,Brandon,Pierce,08-06-1945,M,USA,California,Home,5,Yes,Website,08-06-1945,81,2,Corporate Buyers
C1065,Individual,Mark,Reyes,01-06-1955,M,USA,Georgia,Home,3,Yes,Client,01-06-1955,71,2,Corporate Buyers
C1066,Individual,Ashley,Moore,9/21/1941,F,Australia,Victoria,Home,1,No,Website,9-21-1941,85,1,First-Time Buyers
C1067,Individual,Samuel,Howard,12/24/1942,M,Mexico,Jalisco,Investment,4,No,Agency,12-24-1942,84,0,Global Investors
C1068,Individual,Kathleen,Carter,02-10-1984,F,USA,California,Home,3,No,Agency,02-10-1984,42,1,First-Time Buyers
C1069,Individual,Lawrence,Cox,6/13/1992,M,USA,Virginia,Home,3,Yes,Agency,6-13-1992,34,2,Corporate Buyers
C1070,Individual,Virginia,Rogers,6/26/1951,F,Germany,Bavaria,Home,5,No,Agency,6-26-1951,75,1,First-Time Buyers
C1071,Individual,Aaron,Johnson,08-11-1966,M,USA,Texas,Home,2,No,Agency,08-11-1966,60,1,First-Time Buyers
C1072,Individual,Kimberly,Jones,06-10-1962,F,USA,Utah,Home,3,No,Agency,06-10-1962,64,1,First-Time Buyers
C1073,Individual,Carl,Collins,07-02-1955,M,USA,California,Investment,2,No,Website,07-02-1955,71,0,Global Investors
C1074,Individual,George,Foster,07-10-1954,M,UK,Northern Ireland,Home,1,No,Website,07-10-1954,72,1,First-Time Buyers
C1075,Individual,Carolyn,Watson,2/17/1975,F,Mexico,Baja California,Home,3,No,Website,2-17-1975,51,1,First-Time Buyers
C1076,Individual,Betty,Thompson,10/28/1980,F,USA,Florida,Investment,3,No,Agency,10-28-1980,46,0,Global Investors
C1077,Individual,Peter,Griffin,03-07-1982,M,USA,Texas,Investment,2,No,Agency,03-07-1982,44,0,Global Investors
C1078,Individual,Joshua,Howard,7/22/1940,M,USA,Ohio,Home,1,No,Agency,7-22-1940,86,1,First-Time Buyers
C1079,Individual,Steven,Hayes,6/19/1959,M,USA,California,Investment,4,Yes,Website,6-19-1959,67,0,Global Investors
C1080,Individual,Hannah,Stewart,10-06-1956,F,UK,England,Investment,4,No,Agency,10-06-1956,70,0,Global Investors
C1081,Company,Meridian,Co,09-08-1974,M,Russia,Novosibirsk,Home,4,Yes,Agency,09-08-1974,52,3,Luxury Investors
C1082,Individual,Patricia,Martin,02-04-1993,F,USA,Oregon,Investment,5,Yes,Website,02-04-1993,33,0,Global Investors
C1083,Individual,Pamela,Jackson,10-06-1950,F,USA,Colorado,Investment,4,No,Agency,10-06-1950,76,0,Global Investors
C1084,Individual,Sarah,Hansen,7/27/1989,F,France,Ile-de-France,Home,4,No,Agency,7-27-1989,37,1,First-Time Buyers
C1085,Individual,Sarah,Flores,10/18/1947,F,Australia,Queensland,Investment,1,No,Client,10-18-1947,79,0,Global Investors
C1086,Individual,Timothy,Montgomery,03-01-1956,M,USA,Colorado,Home,1,Yes,Website,03-01-1956,70,2,Corporate Buyers
C1087,Individual,Matthew,Owens,01-03-1984,M,USA,Colorado,Home,3,No,Website,01-03-1984,42,1,First-Time Buyers
C1088,Individual,Nicholas,Stewart,9/26/1998,M,USA,Utah,Home,4,Yes,Agency,9-26-1998,28,2,Corporate Buyers
C1089,Individual,Madison,Ward,9/17/1962,F,USA,Utah,Home,1,Yes,Website,9-17-1962,64,2,Corporate Buyers
C1090,Individual,Laura,Moore,09-07-1962,F,Canada,Alberta,Home,3,Yes,Client,09-07-1962,64,2,Corporate Buyers
C1091,Individual,Arthur,Phillips,7/21/1984,M,USA,Nevada,Home,1,Yes,Agency,7-21-1984,42,2,Corporate Buyers
C1092,Individual,Terry,Adams,11/24/1996,M,USA,Oregon,Investment,2,No,Website,11-24-1996,30,0,Global Investors
C1093,Individual,Adam,Allen,7/13/1980,M,USA,Oregon,Home,1,Yes,Website,7-13-1980,46,2,Corporate Buyers
C1094,Individual,Sarah,Cook,02-12-1960,F,USA,Washington,Home,2,Yes,Website,02-12-1960,66,2,Corporate Buyers
C1095,Individual,Cynthia,Howard,2/26/1940,F,USA,California,Home,3,No,Agency,2-26-1940,86,1,First-Time Buyers
C1096,Individual,Grace,Edwards,5/20/1965,F,USA,New York,Home,2,No,Client,5-20-1965,61,1,First-Time Buyers
C1097,Individual,Teresa,Pierce,7/16/1962,F,Canada,Alberta,Home,3,Yes,Agency,7-16-1962,64,2,Corporate Buyers
C1098,Individual,Paul,Young,10/24/1976,M,USA,California,Investment,3,No,Client,10-24-1976,50,0,Global Investors
C1099,Individual,Joan,Scott,6/26/1972,F,USA,Colorado,Home,3,No,Agency,6-26-1972,54,1,First-Time Buyers
C1100,Individual,Frank,Thomas,5/14/1940,M,Russia,Novosibirsk,Home,1,No,Website,5-14-1940,86,1,First-Time Buyers
C1101,Individual,Matthew,King,01-03-1964,M,Belgium,Flanders,Home,5,No,Website,01-03-1964,62,1,First-Time Buyers
C1102,Company,Harmon,Co,05-06-1960,M,Germany,Berlin,Home,2,No,Agency,05-06-1960,66,3,Luxury Investors
C1103,Individual,Jose,Johnson,4/27/1961,M,Belgium,Wallonia,Home,4,No,Agency,4-27-1961,65,1,First-Time Buyers
C1104,Individual,Christian,Weaver,10/15/1998,M,USA,Utah,Investment,5,Yes,Website,10-15-1998,28,0,Global Investors
C1105,Individual,Roger,Ward,1/14/1940,M,USA,Nevada,Home,3,Yes,Website,1-14-1940,86,2,Corporate Buyers
C1106,Individual,Sean,Martin,5/16/1982,M,USA,California,Home,1,No,Agency,5-16-1982,44,1,First-Time Buyers
C1107,Individual,Frank,Hayes,1/15/1948,M,Canada,British Columbia,Home,1,No,Website,1-15-1948,78,1,First-Time Buyers
C1108,Individual,Helen,Ward,01-12-1994,F,Australia,South Australia,Home,4,No,Website,01-12-1994,32,1,First-Time Buyers
C1109,Individual,Rebecca,Anderson,09-05-1967,F,USA,California,Home,1,Yes,Client,09-05-1967,59,2,Corporate Buyers
C1110,Individual,Harold,Watson,05-12-1977,M,USA,New York,Home,5,Yes,Website,05-12-1977,49,2,Corporate Buyers
C1111,Company,Corvus,Co,1/23/1967,M,USA,California,Home,4,Yes,Website,1-23-1967,59,3,Luxury Investors
C1112,Individual,Donald,Green,01-05-1982,M,USA,Nevada,Investment,3,Yes,Website,01-05-1982,44,0,Global Investors
C1113,Individual,Brenda,Martin,8/18/1974,F,USA,Texas,Investment,2,No,Client,8-18-1974,52,0,Global Investors
C1114,Individual,Cheryl,Wood,02-04-1992,F,USA,California,Home,3,No,Website,02-04-1992,34,1,First-Time Buyers
C1115,Individual,Joseph,Bell,10/24/1973,M,USA,Colorado,Home,3,Yes,Agency,10-24-1973,53,2,Corporate Buyers
C1116,Individual,Angela,Freeman,12/17/1991,F,USA,California,Home,1,Yes,Agency,12-17-1991,35,2,Corporate Buyers
C1117,Individual,Rebecca,Patterson,2/23/1955,F,Mexico,Mexico City,Home,5,Yes,Website,2-23-1955,71,2,Corporate Buyers
C1118,Company,Caldera,Co,4/26/1969,M,UK,Scotland,Investment,2,Yes,Website,4-26-1969,57,3,Luxury Investors
C1119,Individual,Larry,Green,3/14/1941,M,USA,Oregon,Home,1,Yes,Website,3-14-1941,85,2,Corporate Buyers
C1120,Individual,Kathleen,Carter,7/16/1979,F,USA,Arizona,Home,1,No,Website,7-16-1979,47,1,First-Time Buyers
C1121,Individual,Carolyn,Gray,06-02-1985,F,USA,California,Home,1,No,Client,06-02-1985,41,1,First-Time Buyers
C1122,Individual,Judith,Evans,10-04-1942,F,USA,California,Home,4,No,Website,10-04-1942,84,1,First-Time Buyers
C1123,Individual,Robert,Pierce,03-11-1951,M,USA,Virginia,Home,5,No,Agency,03-11-1951,75,1,First-Time Buyers
C1124,Individual,Sharon,Murray,02-04-1976,F,USA,Oregon,Investment,5,Yes,Website,02-04-1976,50,0,Global Investors
C1125,Individual,Ronald,Price,02-03-1941,M,USA,Oregon,Home,3,No,Agency,02-03-1941,85,1,First-Time Buyers
C1126,Company,Elara,Co,2/16/1983,M,USA,Virginia,Home,1,Yes,Website,2-16-1983,43,3,Luxury Investors
C1127,Individual,Ann,Cooper,6/15/1943,F,UK,England,Investment,1,No,Website,6-15-1943,83,0,Global Investors
C1128,Individual,Brian,Montgomery,12-05-1983,M,USA,California,Investment,1,No,Website,12-05-1983,43,0,Global Investors
C1129,Individual,Martha,Hansen,09-03-1945,F,USA,Colorado,Investment,5,No,Agency,09-03-1945,81,0,Global Investors
C1130,Individual,Tiffany,Parker,03-01-1987,F,USA,Arizona,Home,5,No,Website,03-01-1987,39,1,First-Time Buyers
C1131,Individual,Cheryl,Kim,5/28/1984,F,USA,California,Investment,3,No,Website,5-28-1984,42,0,Global Investors
C1132,Individual,Terry,Roberts,1/21/1982,M,USA,New York,Home,2,Yes,Website,1-21-1982,44,2,Corporate Buyers
C1133,Individual,Jason,Hansen,1/21/1993,M,USA,Oregon,Investment,3,No,Website,1-21-1993,33,0,Global Investors
C1134,Individual,Dorothy,Bennett,10-10-1943,F,USA,California,Investment,1,No,Website,10-10-1943,83,0,Global Investors
C1135,Individual,Melissa,Phillips,9/22/1999,F,Russia,Moscow Oblast,Investment,5,Yes,Client,9-22-1999,27,0,Global Investors
C1136,Individual,Shirley,Weaver,4/27/1965,F,USA,California,Home,3,Yes,Agency,4-27-1965,61,2,Corporate Buyers
C1137,Individual,Carol,Price,12/24/1986,F,USA,Nevada,Home,4,Yes,Agency,12-24-1986,40,2,Corporate Buyers
C1138,Individual,George,Green,8/24/1964,M,USA,Oregon,Home,1,No,Website,8-24-1964,62,1,First-Time Buyers
C1139,Individual,Tiffany,Green,03-03-1996,F,USA,California,Home,4,Yes,Client,03-03-1996,30,2,Corporate Buyers
C1140,Individual,Billy,Jackson,07-01-1976,M,USA,Florida,Home,1,Yes,Website,07-01-1976,50,2,Corporate Buyers
C1141,Individual,Kimberly,Montgomery,1/26/2000,F,USA,Arizona,Investment,3,No,Website,1-26-2000,26,0,Global Investors
C1142,Individual,Julia,Hughes,03-10-1948,F,USA,Colorado,Home,2,Yes,Agency,03-10-1948,78,2,Corporate Buyers
C1143,Individual,Michael,Garcia,09-10-1994,M,USA,Arizona,Home,2,Yes,Website,09-10-1994,32,2,Corporate Buyers
C1144,Individual,Diane,Young,11-10-1978,F,USA,Georgia,Investment,4,No,Client,11-10-1978,48,0,Global Investors
C1145,Individual,Ethan,King,04-04-1993,M,USA,Nevada,Home,5,No,Website,04-04-1993,33,1,First-Time Buyers
C1146,Individual,Richard,Weaver,3/14/1991,M,USA,California,Investment,2,No,Website,3-14-1991,35,0,Global Investors
C1147,Individual,Brittany,Edwards,02-09-1978,F,USA,Utah,Home,3,No,Website,02-09-1978,48,1,First-Time Buyers
C1148,Individual,Joshua,Rogers,7/15/1991,M,Australia,New South Wales,Home,1,Yes,Agency,7-15-1991,35,2,Corporate Buyers
C1149,Individual,Kimberly,Thomas,03-06-1980,F,Russia,Tatarstan,Home,3,No,Agency,03-06-1980,46,1,First-Time Buyers
C1150,Individual,Tiffany,Cook,11-08-1992,F,USA,Nevada,Investment,4,No,Agency,11-08-1992,34,0,Global Investors
C1151,Individual,Tyler,Anderson,12/14/1963,M,USA,Arizona,Investment,2,No,Website,12-14-1963,63,0,Global Investors
C1152,Individual,Jason,Williams,9/16/1977,M,USA,Georgia,Home,1,No,Website,9-16-1977,49,1,First-Time Buyers
C1153,Individual,Scott,Sanders,9/14/1991,M,USA,California,Home,1,No,Website,9-14-1991,35,1,First-Time Buyers
C1154,Individual,Jerry,Brown,07-12-1956,M,USA,Utah,Home,5,Yes,Agency,07-12-1956,70,2,Corporate Buyers
C1155,Individual,William,Young,03-03-1977,M,USA,California,Home,5,No,Website,03-03-1977,49,1,First-Time Buyers
C1156,Individual,Dorothy,Kim,5/16/1956,F,USA,Virginia,Home,4,No,Agency,5-16-1956,70,1,First-Time Buyers
C1157,Individual,Kenneth,Davis,11-02-1944,M,Canada,Alberta,Investment,2,No,Website,11-02-1944,82,0,Global Investors
C1158,Individual,Joan,Pierce,5/19/1955,F,USA,California,Investment,2,No,Website,5-19-1955,71,0,Global Investors
C1159,Individual,Gerald,Howard,3/24/1940,M,USA,Nevada,Investment,1,Yes,Website,3-24-1940,86,0,Global Investors
C1160,Individual,Walter,Griffin,11/21/1980,M,USA,Florida,Home,2,Yes,Website,11-21-1980,46,2,Corporate Buyers
C1161,Individual,Stephen,White,02-12-1994,M,Canada,Alberta,Investment,3,Yes,Website,02-12-1994,32,0,Global Investors
C1162,Individual,Charles,Nelson,1/25/1962,M,USA,California,Investment,2,No,Website,1-25-1962,64,0,Global Investors
C1163,Individual,Noah,Morales,10/26/1998,M,USA,California,Home,3,Yes,Website,10-26-1998,28,2,Corporate Buyers
C1164,Individual,Emma,Watson,04-11-1968,F,Belgium,Wallonia,Home,3,Yes,Agency,04-11-1968,58,2,Corporate Buyers
C1165,Individual,Victoria,Alexander,9/26/1994,F,Russia,Moscow Oblast,Home,1,No,Website,9-26-1994,32,1,First-Time Buyers
C1166,Individual,Scott,Hall,11/15/1991,M,USA,New York,Investment,1,No,Website,11-15-1991,35,0,Global Investors
C1167,Individual,Kevin,Alexander,12/20/1967,M,UK,Scotland,Home,3,No,Website,12-20-1967,59,1,First-Time Buyers
C1168,Individual,Brittany,Reyes,12/25/1998,F,Germany,Hamburg,Home,2,Yes,Agency,12-25-1998,28,2,Corporate Buyers
C1169,Individual,Noah,Bryant,01-05-1994,M,Russia,Saint Petersburg,Home,5,Yes,Agency,01-05-1994,32,2,Corporate Buyers
C1170,Individual,Amanda,Collins,02-09-1990,F,USA,Nevada,Home,1,Yes,Website,02-09-1990,36,2,Corporate Buyers
C1171,Individual,Anna,Patterson,8/21/1984,F,USA,California,Investment,4,Yes,Website,8-21-1984,42,0,Global Investors
C1172,Individual,Victoria,Freeman,11-05-1942,F,USA,Nevada,Home,5,No,Website,11-05-1942,84,1,First-Time Buyers
C1173,Individual,Cheryl,Price,11-02-1984,F,Canada,Manitoba,Investment,1,No,Website,11-02-1984,42,0,Global Investors
C1174,Individual,Kenneth,White,07-06-1982,M,USA,Nevada,Home,2,No,Agency,07-06-1982,44,1,First-Time Buyers
C1175,Individual,Evelyn,Long,9/27/1959,F,USA,California,Home,2,No,Website,9-27-1959,67,1,First-Time Buyers
C1176,Individual,Lauren,Baker,06-03-1975,F,USA,California,Investment,4,Yes,Agency,06-03-1975,51,0,Global Investors
C1177,Individual,Larry,Sanders,09-05-1998,M,USA,California,Investment,2,No,Agency,09-05-1998,28,0,Global Investors
C1178,Individual,Jessica,Richardson,7/16/1950,F,USA,California,Home,1,No,Agency,7-16-1950,76,1,First-Time Buyers
C1179,Individual,Melissa,Anderson,02-09-1991,F,USA,California,Home,4,No,Agency,02-09-1991,35,1,First-Time Buyers
C1180,Individual,Deborah,Miller,07-11-1995,F,Belgium,Brussels,Home,2,Yes,Website,07-11-1995,31,2,Corporate Buyers
C1181,Individual,Judith,Hansen,3/23/1956,F,USA,Nevada,Investment,5,No,Website,3-23-1956,70,0,Global Investors
C1182,Individual,Christopher,Murray,03-11-1961,M,Germany,Bavaria,Investment,3,Yes,Website,03-11-1961,65,0,Global Investors
C1183,Individual,Carl,Rogers,11/14/1993,M,USA,Arizona,Investment,1,No,Website,11-14-1993,33,0,Global Investors
C1184,Individual,David,Nelson,4/14/1953,M,France,Ile-de-France,Home,2,No,Website,4-14-1953,73,1,First-Time Buyers
C1185,Individual,Ronald,Peterson,6/27/2000,M,USA,California,Home,3,No,Website,6-27-2000,26,1,First-Time Buyers
C1186,Individual,Victoria,Bennett,6/27/1978,F,USA,Nevada,Home,3,Yes,Website,6-27-1978,48,2,Corporate Buyers
C1187,Individual,Melissa,Pierce,3/18/1962,F,USA,Nevada,Home,4,No,Website,3-18-1962,64,1,First-Time Buyers
C1188,Individual,Matthew,White,11-01-1995,M,Canada,Alberta,Home,1,No,Client,11-01-1995,31,1,First-Time Buyers
C1189,Individual,Peter,Alexander,1/22/1963,M,USA,Florida,Home,2,Yes,Client,1-22-1963,63,2,Corporate Buyers
C1190,Individual,Sandra,Baker,08-04-1946,F,USA,Texas,Home,4,No,Client,08-04-1946,80,1,First-Time Buyers
C1191,Individual,Mary,Cox,4/17/1950,F,USA,California,Investment,3,No,Website,4-17-1950,76,0,Global Investors
C1192,Individual,Adam,Jones,01-05-2000,M,USA,Florida,Home,5,No,Website,01-05-2000,26,1,First-Time Buyers
C1193,Individual,Amy,Owens,4/20/1975,F,UK,England,Home,1,No,Website,4-20-1975,51,1,First-Time Buyers
C1194,Individual,Melissa,Brooks,6/17/1943,F,USA,Colorado,Home,1,No,Website,6-17-1943,83,1,First-Time Buyers
C1195,Individual,Anna,Pierce,06-07-1990,F,USA,California,Home,4,Yes,Agency,06-07-1990,36,2,Corporate Buyers
C1196,Individual,William,Freeman,09-03-1955,M,USA,Nevada,Home,2,No,Agency,09-03-1955,71,1,First-Time Buyers
C1197,Individual,Deborah,Roberts,04-10-1959,F,USA,Arizona,Home,4,No,Website,04-10-1959,67,1,First-Time Buyers
C1198,Individual,Lisa,Young,1/21/1960,F,USA,New York,Home,1,No,Agency,1-21-1960,66,1,First-Time Buyers
C1199,Individual,Justin,Campbell,03-03-1943,M,USA,Colorado,Home,2,No,Website,03-03-1943,83,1,First-Time Buyers
C1200,Individual,Henry,Taylor,11-03-1969,M,USA,Utah,Home,4,No,Agency,11-03-1969,57,1,First-Time Buyers
C1201,Individual,Timothy,Stewart,3/22/2000,M,USA,Oregon,Investment,1,Yes,Website,3-22-2000,26,0,Global Investors
C1202,Company,Telnox,Co,05-09-1985,M,Canada,Quebec,Investment,5,Yes,Website,05-09-1985,41,3,Luxury Investors
C1203,Individual,Ashley,Green,1/18/1962,F,USA,Arizona,Home,2,Yes,Website,1-18-1962,64,2,Corporate Buyers
C1204,Individual,William,Reed,04-03-1992,M,Mexico,Puebla,Investment,2,Yes,Website,04-03-1992,34,0,Global Investors
C1205,Individual,Patrick,Pierce,5/15/1959,M,Belgium,Flanders,Home,4,No,Website,5-15-1959,67,1,First-Time Buyers
C1206,Individual,Melissa,Baker,12-09-1957,F,USA,California,Investment,5,No,Website,12-09-1957,69,0,Global Investors
C1207,Individual,Lauren,Price,10/24/1973,F,USA,Texas,Home,5,Yes,Agency,10-24-1973,53,2,Corporate Buyers
C1208,Individual,Noah,Ward,11/27/1977,M,USA,Colorado,Home,1,No,Website,11-27-1977,49,1,First-Time Buyers
C1209,Individual,Tiffany,Kim,07-01-1978,F,USA,California,Home,4,Yes,Website,07-01-1978,48,2,Corporate Buyers
C1210,Individual,Dennis,Cox,06-04-1991,M,USA,California,Investment,1,No,Website,06-04-1991,35,0,Global Investors
C1211,Individual,Kathleen,Owens,07-10-1996,F,Canada,British Columbia,Home,5,Yes,Website,07-10-1996,30,2,Corporate Buyers
C1212,Individual,Lawrence,Gray,07-11-1957,M,USA,California,Home,1,No,Agency,07-11-1957,69,1,First-Time Buyers
C1213,Individual,Ruth,Martin,08-06-1993,F,Canada,Manitoba,Home,5,No,Website,08-06-1993,33,1,First-Time Buyers
C1214,Individual,Jennifer,Peterson,08-10-2000,F,USA,Florida,Home,1,No,Agency,08-10-2000,26,1,First-Time Buyers
C1215,Individual,Charles,Patterson,7/24/1994,M,USA,California,Home,3,No,Website,7-24-1994,32,1,First-Time Buyers
C1216,Individual,Martha,Jordan,07-10-1997,F,France,Normandy,Home,4,No,Website,07-10-1997,29,1,First-Time Buyers
C1217,Individual,William,Carter,01-05-1997,M,USA,California,Investment,4,Yes,Website,01-05-1997,29,0,Global Investors
C1218,Individual,Teresa,Smith,12/28/1941,F,USA,California,Home,1,Yes,Website,12-28-1941,85,2,Corporate Buyers
C1219,Individual,Danielle,Howard,12-06-1983,F,USA,Arizona,Home,1,Yes,Website,12-06-1983,43,2,Corporate Buyers
C1220,Individual,Christina,Martin,09-08-1967,F,USA,Colorado,Investment,4,Yes,Website,09-08-1967,59,0,Global Investors
C1221,Individual,Cynthia,Thomas,5/23/1984,F,USA,Nevada,Investment,2,No,Agency,5-23-1984,42,0,Global Investors
C1222,Individual,Christopher,Taylor,01-07-1969,M,USA,Utah,Home,4,No,Website,01-07-1969,57,1,First-Time Buyers
C1223,Individual,Sharon,Stone,9/17/1952,F,USA,Washington,Home,4,No,Website,9-17-1952,74,1,First-Time Buyers
C1224,Individual,Paul,Carter,6/13/1942,M,USA,New York,Investment,5,Yes,Client,6-13-1942,84,0,Global Investors
C1225,Individual,Larry,James,11-10-1990,M,USA,Oregon,Home,2,No,Website,11-10-1990,36,1,First-Time Buyers
C1226,Individual,Michael,Sanders,05-01-1989,M,USA,Utah,Home,4,No,Website,05-01-1989,37,1,First-Time Buyers
C1227,Individual,Alexander,Reyes,3/13/1987,M,USA,Colorado,Home,3,Yes,Agency,3-13-1987,39,2,Corporate Buyers
C1228,Individual,Joseph,Howard,07-07-1954,M,USA,California,Home,2,No,Website,07-07-1954,72,1,First-Time Buyers
C1229,Individual,Madison,Reyes,11-02-1994,F,UK,Scotland,Home,1,Yes,Website,11-02-1994,32,2,Corporate Buyers
C1230,Individual,Lawrence,Parker,2/18/1985,M,USA,California,Home,5,No,Client,2-18-1985,41,1,First-Time Buyers
C1231,Individual,Betty,Carter,12-09-1954,F,USA,California,Home,2,No,Agency,12-09-1954,72,1,First-Time Buyers
C1232,Individual,Mary,Jackson,9/23/1989,F,Canada,British Columbia,Home,3,No,Website,9-23-1989,37,1,First-Time Buyers
C1233,Individual,Brian,Scott,08-05-1979,M,USA,Utah,Home,4,No,Website,08-05-1979,47,1,First-Time Buyers
C1234,Individual,Karen,King,1/20/1957,F,USA,Colorado,Investment,1,No,Website,1-20-1957,69,0,Global Investors
C1235,Individual,Michael,Morales,5/27/1957,M,USA,Arizona,Home,2,No,Website,5-27-1957,69,1,First-Time Buyers
C1236,Individual,Brandon,Cook,8/24/1972,M,USA,Arizona,Home,4,Yes,Website,8-24-1972,54,2,Corporate Buyers
C1237,Individual,Helen,Cook,9/25/1943,F,UK,Wales,Investment,4,Yes,Website,9-25-1943,83,0,Global Investors
C1238,Individual,Joshua,Bennett,4/22/1946,M,USA,Nevada,Home,1,Yes,Agency,4-22-1946,80,2,Corporate Buyers
C1239,Individual,Catherine,Adams,02-07-1953,F,USA,Oregon,Home,3,No,Agency,02-07-1953,73,1,First-Time Buyers
C1240,Individual,Gloria,Wright,11-12-1984,F,USA,Nevada,Investment,4,Yes,Website,11-12-1984,42,0,Global Investors
C1241,Individual,Danielle,Martin,8/19/1973,F,USA,California,Home,1,No,Agency,8-19-1973,53,1,First-Time Buyers
C1242,Individual,Gerald,Collins,9/22/1961,M,USA,California,Home,3,Yes,Website,9-22-1961,65,2,Corporate Buyers
C1243,Individual,Jeffrey,Edwards,10-04-1948,M,USA,Colorado,Home,1,No,Website,10-04-1948,78,1,First-Time Buyers
C1244,Individual,Joseph,Phillips,06-10-1992,M,USA,Utah,Investment,5,Yes,Website,06-10-1992,34,0,Global Investors
C1245,Individual,Edward,Reyes,02-10-1963,M,USA,California,Home,3,Yes,Agency,02-10-1963,63,2,Corporate Buyers
C1246,Individual,Joyce,Jackson,05-10-1943,F,Canada,Alberta,Home,2,No,Agency,05-10-1943,83,1,First-Time Buyers
C1247,Individual,Judy,Moore,04-09-1957,F,USA,Nevada,Investment,2,No,Website,04-09-1957,69,0,Global Investors
C1248,Individual,Sara,Scott,07-04-1976,F,USA,Arizona,Home,3,No,Agency,07-04-1976,50,1,First-Time Buyers
C1249,Individual,Janet,James,7/14/1971,F,USA,California,Investment,1,No,Website,7-14-1971,55,0,Global Investors
C1250,Individual,Jordan,Stewart,4/19/1950,M,USA,Nevada,Home,5,No,Agency,4-19-1950,76,1,First-Time Buyers
C1251,Individual,Aaron,Thompson,11-01-1975,M,USA,Texas,Investment,5,No,Website,11-01-1975,51,0,Global Investors
C1252,Individual,Margaret,Cook,2/27/1962,F,USA,Arizona,Home,3,Yes,Website,2-27-1962,64,2,Corporate Buyers
C1253,Individual,Jason,Flores,9/24/1991,M,USA,California,Home,2,No,Agency,9-24-1991,35,1,First-Time Buyers
C1254,Individual,Ethan,Freeman,04-04-1956,M,USA,California,Home,5,Yes,Agency,04-04-1956,70,2,Corporate Buyers
C1255,Individual,Mark,Patterson,9/15/1999,M,USA,California,Home,3,No,Agency,9-15-1999,27,1,First-Time Buyers
C1256,Company,Triton,Co,2/18/1972,F,USA,California,Investment,4,No,Agency,2-18-1972,54,3,Luxury Investors
C1257,Individual,Michael,Scott,12/22/1991,M,USA,California,Home,5,Yes,Agency,12-22-1991,35,2,Corporate Buyers
C1258,Individual,Betty,Stone,6/22/1969,F,USA,Nevada,Home,1,No,Website,6-22-1969,57,1,First-Time Buyers
C1259,Individual,William,Edwards,2/19/1971,M,USA,California,Investment,3,Yes,Agency,2-19-1971,55,0,Global Investors
C1260,Individual,Elizabeth,Ward,8/24/1992,F,USA,California,Home,2,No,Agency,8-24-1992,34,1,First-Time Buyers
C1261,Individual,Patrick,Kim,09-03-1976,M,USA,Utah,Home,3,No,Client,09-03-1976,50,1,First-Time Buyers
C1262,Individual,Dorothy,Evans,11-10-1950,F,USA,California,Investment,4,No,Agency,11-10-1950,76,0,Global Investors
C1263,Individual,Lawrence,Alexander,11/17/1951,M,USA,California,Investment,3,No,Agency,11-17-1951,75,0,Global Investors
C1264,Individual,Sarah,Garcia,12-06-1999,F,USA,California,Investment,1,No,Agency,12-06-1999,27,0,Global Investors
C1265,Individual,Gary,White,3/24/1943,M,USA,Washington,Home,1,Yes,Agency,3-24-1943,83,2,Corporate Buyers
C1266,Individual,Christopher,Hughes,6/20/1952,M,UK,England,Home,2,No,Website,6-20-1952,74,1,First-Time Buyers
C1267,Individual,Dorothy,Peterson,04-07-1965,F,USA,Colorado,Home,3,Yes,Website,04-07-1965,61,2,Corporate Buyers
C1268,Individual,Gloria,Green,10-01-1995,F,UK,Northern Ireland,Investment,1,Yes,Website,10-01-1995,31,0,Global Investors
C1269,Individual,Jack,Bennett,9/28/1964,M,USA,California,Home,5,No,Website,9-28-1964,62,1,First-Time Buyers
C1270,Individual,Cheryl,Ward,10/18/1978,F,USA,Texas,Home,4,No,Agency,10-18-1978,48,1,First-Time Buyers
C1271,Individual,Noah,Anderson,09-10-1992,M,USA,California,Home,2,Yes,Agency,09-10-1992,34,2,Corporate Buyers
C1272,Individual,Ryan,Collins,5/13/1941,M,France,Occitanie,Home,1,Yes,Website,5-13-1941,85,2,Corporate Buyers
C1273,Individual,Gerald,Jordan,5/13/1968,M,Canada,Alberta,Home,5,No,Website,5-13-1968,58,1,First-Time Buyers
C1274,Individual,Linda,Jones,07-09-1979,F,USA,California,Investment,1,Yes,Website,07-09-1979,47,0,Global Investors
C1275,Individual,Jessica,Roberts,2/26/1969,F,USA,Georgia,Investment,1,No,Website,2-26-1969,57,0,Global Investors
C1276,Individual,Arthur,Griffin,03-09-1940,M,Australia,Victoria,Home,1,Yes,Agency,03-09-1940,86,2,Corporate Buyers
C1277,Individual,Lauren,Griffin,04-01-1981,F,USA,California,Investment,2,No,Agency,04-01-1981,45,0,Global Investors
C1278,Individual,Arthur,Griffin,7/25/1997,M,USA,Utah,Home,4,No,Website,7-25-1997,29,1,First-Time Buyers
C1279,Individual,Peter,Martin,10-12-1943,M,USA,California,Home,4,Yes,Website,10-12-1943,83,2,Corporate Buyers
C1280,Individual,Jacob,Bennett,9/19/1953,M,USA,Texas,Home,2,Yes,Website,9-19-1953,73,2,Corporate Buyers
C1281,Individual,Deborah,Edwards,06-12-1998,F,Canada,Manitoba,Investment,2,Yes,Website,06-12-1998,28,0,Global Investors
C1282,Individual,Ashley,Taylor,5/18/1996,F,USA,Colorado,Investment,3,Yes,Agency,5-18-1996,30,0,Global Investors
C1283,Individual,Janice,Collins,11-08-1945,F,USA,New York,Home,3,No,Agency,11-08-1945,81,1,First-Time Buyers
C1284,Individual,Patrick,Bennett,10/16/1955,M,USA,California,Home,2,No,Website,10-16-1955,71,1,First-Time Buyers
C1285,Individual,Steven,Cox,03-02-1954,M,USA,Utah,Home,4,Yes,Website,03-02-1954,72,2,Corporate Buyers
C1286,Individual,Stephen,Evans,07-10-1963,M,USA,California,Home,5,No,Agency,07-10-1963,63,1,First-Time Buyers
C1287,Individual,Diane,Hughes,04-07-1998,F,USA,California,Investment,4,No,Website,04-07-1998,28,0,Global Investors
C1288,Individual,Sean,Cooper,1/20/1941,M,Belgium,Wallonia,Home,3,No,Agency,1-20-1941,85,1,First-Time Buyers
C1289,Individual,Samuel,Freeman,7/26/1973,M,Mexico,Jalisco,Investment,1,Yes,Agency,7-26-1973,53,0,Global Investors
C1290,Individual,Teresa,Long,10/24/1973,F,USA,Washington,Home,3,Yes,Website,10-24-1973,53,2,Corporate Buyers
C1291,Individual,Paul,Johnson,11-09-1983,M,USA,California,Investment,5,Yes,Website,11-09-1983,43,0,Global Investors
C1292,Individual,Jordan,Evans,5/22/1977,M,USA,Texas,Investment,5,Yes,Website,5-22-1977,49,0,Global Investors
C1293,Individual,Anna,Wright,08-01-1972,F,USA,California,Home,1,No,Agency,08-01-1972,54,1,First-Time Buyers
C1294,Individual,Henry,Davis,02-09-1963,M,Canada,Ontario,Investment,3,Yes,Agency,02-09-1963,63,0,Global Investors
C1295,Individual,Anna,Bryant,4/21/1992,F,USA,California,Investment,1,Yes,Website,4-21-1992,34,0,Global Investors
C1296,Individual,Keith,Hughes,06-02-1963,M,USA,Virginia,Home,1,No,Website,06-02-1963,63,1,First-Time Buyers
C1297,Company,Vertex,Co,09-06-1983,M,Germany,Berlin,Home,5,No,Website,09-06-1983,43,3,Luxury Investors
C1298,Individual,Margaret,Taylor,08-04-1968,F,USA,California,Home,2,No,Agency,08-04-1968,58,1,First-Time Buyers
C1299,Individual,Karen,James,05-05-1944,F,USA,California,Investment,3,No,Website,05-05-1944,82,0,Global Investors
C1300,Individual,Judith,Collins,01-06-1961,F,USA,California,Home,2,No,Website,01-06-1961,65,1,First-Time Buyers
C1301,Individual,Benjamin,Hayes,12/17/1955,M,USA,Virginia,Home,2,No,Agency,12-17-1955,71,1,First-Time Buyers
C1302,Individual,Jerry,Anderson,4/19/1996,M,USA,Arizona,Investment,5,No,Website,4-19-1996,30,0,Global Investors
C1303,Individual,Christian,Miller,8/22/1962,M,USA,Arizona,Home,3,Yes,Website,8-22-1962,64,2,Corporate Buyers
C1304,Individual,Angela,Cook,06-08-1985,F,USA,California,Investment,1,No,Website,06-08-1985,41,0,Global Investors
C1305,Individual,Catherine,Anderson,9/17/1978,F,USA,Georgia,Home,4,No,Website,9-17-1978,48,1,First-Time Buyers
C1306,Individual,Kathleen,Morales,3/18/1948,F,USA,Washington,Home,5,No,Website,3-18-1948,78,1,First-Time Buyers
C1307,Individual,Rachel,Rogers,2/14/1993,F,USA,Colorado,Home,5,No,Agency,2-14-1993,33,1,First-Time Buyers
C1308,Individual,Timothy,Sanders,03-04-2000,M,USA,California,Investment,5,No,Agency,03-04-2000,26,0,Global Investors
C1309,Individual,David,Reyes,12-06-1999,M,USA,California,Home,5,No,Website,12-06-1999,27,1,First-Time Buyers
C1310,Individual,Ann,Roberts,05-04-1955,F,USA,New York,Home,5,No,Agency,05-04-1955,71,1,First-Time Buyers
C1311,Individual,Christopher,Ward,8/14/1940,M,UK,England,Home,4,Yes,Client,8-14-1940,86,2,Corporate Buyers
C1312,Individual,Timothy,Stone,09-03-1942,M,USA,New York,Home,5,No,Website,09-03-1942,84,1,First-Time Buyers
C1313,Individual,Heather,Reed,3/17/1972,F,Australia,Western Australia,Investment,3,No,Website,3-17-1972,54,0,Global Investors
C1314,Individual,Rachel,Miller,9/17/1964,F,USA,Arizona,Home,3,No,Website,9-17-1964,62,1,First-Time Buyers
C1315,Individual,Joshua,Garcia,12/24/1948,M,USA,Colorado,Home,3,No,Agency,12-24-1948,78,1,First-Time Buyers
C1316,Individual,Emma,King,05-09-1993,F,USA,Colorado,Home,2,Yes,Website,05-09-1993,33,2,Corporate Buyers
C1317,Company,Atlas,Co,11/27/1973,M,USA,Utah,Home,2,Yes,Website,11-27-1973,53,3,Luxury Investors
C1318,Individual,William,Montgomery,1/18/1943,M,USA,Texas,Home,1,No,Website,1-18-1943,83,1,First-Time Buyers
C1319,Individual,Grace,James,8/17/1954,F,USA,Florida,Home,3,Yes,Client,8-17-1954,72,2,Corporate Buyers
C1320,Individual,Peter,Reyes,05-03-1969,M,USA,California,Investment,1,No,Website,05-03-1969,57,0,Global Investors
C1321,Individual,Christopher,Reed,09-11-1990,M,USA,Colorado,Investment,5,No,Client,09-11-1990,36,0,Global Investors
C1322,Individual,Barbara,Reyes,12/26/1994,F,USA,California,Home,5,No,Agency,12-26-1994,32,1,First-Time Buyers
C1323,Individual,Nicholas,Moore,7/28/1963,M,USA,Utah,Home,3,No,Website,7-28-1963,63,1,First-Time Buyers
C1324,Individual,Carl,Edwards,4/21/1992,M,USA,Arizona,Investment,2,Yes,Agency,4-21-1992,34,0,Global Investors
C1325,Individual,George,Jones,12-09-1974,M,Canada,Alberta,Home,5,Yes,Agency,12-09-1974,52,2,Corporate Buyers
C1326,Individual,Brandon,Mitchell,5/22/1944,M,USA,Colorado,Investment,4,No,Website,5-22-1944,82,0,Global Investors
C1327,Individual,Betty,Carter,5/14/1993,F,USA,California,Home,4,Yes,Website,5-14-1993,33,2,Corporate Buyers
C1328,Individual,Sandra,Cooper,7/23/1956,F,USA,Washington,Home,4,No,Website,7-23-1956,70,1,First-Time Buyers
C1329,Individual,Scott,Parker,4/28/1968,M,USA,California,Investment,3,Yes,Agency,4-28-1968,58,0,Global Investors
C1330,Individual,Kelly,James,05-02-1975,F,USA,Colorado,Investment,2,No,Agency,05-02-1975,51,0,Global Investors
C1331,Individual,Christina,Bennett,10-06-1986,F,USA,California,Investment,1,No,Agency,10-06-1986,40,0,Global Investors
C1332,Individual,Michael,Howard,12-11-1995,M,USA,Washington,Investment,5,Yes,Agency,12-11-1995,31,0,Global Investors
C1333,Individual,Jack,Hansen,3/27/1988,M,USA,Nevada,Investment,2,Yes,Website,3-27-1988,38,0,Global Investors
C1334,Individual,Victoria,Nelson,12-08-1965,F,USA,California,Home,5,Yes,Agency,12-08-1965,61,2,Corporate Buyers
C1335,Individual,Elizabeth,Hall,05-01-1982,F,USA,Oregon,Investment,2,Yes,Website,05-01-1982,44,0,Global Investors
C1336,Individual,Joyce,Thompson,12-09-1948,F,USA,California,Home,5,No,Client,12-09-1948,78,1,First-Time Buyers
C1337,Individual,Jennifer,Johnson,9/20/1953,F,USA,California,Investment,5,No,Website,9-20-1953,73,0,Global Investors
C1338,Individual,Christine,James,12-01-1968,F,USA,California,Home,2,Yes,Website,12-01-1968,58,2,Corporate Buyers
C1339,Company,Rexon,Co,2/24/1961,M,USA,Nevada,Home,4,Yes,Website,2-24-1961,65,3,Luxury Investors
C1340,Company,Forsyte,Co,12-05-1988,M,USA,Colorado,Home,5,No,Website,12-05-1988,38,3,Luxury Investors
C1341,Individual,Julie,Cox,9/23/1952,F,USA,Colorado,Home,5,Yes,Website,9-23-1952,74,2,Corporate Buyers
C1342,Individual,Maria,Griffin,2/21/1964,F,USA,California,Home,1,Yes,Agency,2-21-1964,62,2,Corporate Buyers
C1343,Individual,Megan,Turner,3/13/1995,F,Canada,Ontario,Home,5,No,Agency,3-13-1995,31,1,First-Time Buyers
C1344,Individual,Carl,Phillips,5/24/1974,M,USA,Florida,Home,1,No,Agency,5-24-1974,52,1,First-Time Buyers
C1345,Individual,Mary,Parker,4/25/1956,F,USA,Texas,Home,5,No,Website,4-25-1956,70,1,First-Time Buyers
C1346,Company,Triton,Co,3/18/1987,F,USA,Colorado,Investment,4,No,Agency,3-18-1987,39,3,Luxury Investors
C1347,Individual,Mark,James,2/13/1956,M,USA,Washington,Home,2,No,Client,2-13-1956,70,1,First-Time Buyers
C1348,Individual,Peter,Harris,7/16/1998,M,USA,Oregon,Home,4,Yes,Client,7-16-1998,28,2,Corporate Buyers
C1349,Individual,Joyce,Johnson,2/14/1982,F,USA,Virginia,Investment,3,No,Website,2-14-1982,44,0,Global Investors
C1350,Individual,Julia,King,5/17/1991,F,Germany,Hamburg,Home,5,No,Website,5-17-1991,35,1,First-Time Buyers
C1351,Individual,Judith,Long,6/24/1987,F,Australia,South Australia,Home,2,No,Client,6-24-1987,39,1,First-Time Buyers
C1352,Individual,Benjamin,Gray,3/16/1989,M,USA,California,Home,2,Yes,Agency,3-16-1989,37,2,Corporate Buyers
C1353,Individual,Debra,Jackson,10/15/1997,F,Canada,Alberta,Home,1,No,Agency,10-15-1997,29,1,First-Time Buyers
C1354,Individual,Patrick,Johnson,04-09-1941,M,USA,Florida,Home,5,No,Website,04-09-1941,85,1,First-Time Buyers
C1355,Individual,Shirley,Owens,11/22/1966,F,USA,California,Investment,2,Yes,Client,11-22-1966,60,0,Global Investors
C1356,Individual,Jonathan,Morales,3/26/1994,M,USA,Oregon,Investment,4,No,Agency,3-26-1994,32,0,Global Investors
C1357,Individual,Danielle,Patterson,03-01-1987,F,USA,California,Home,5,Yes,Website,03-01-1987,39,2,Corporate Buyers
C1358,Individual,Gregory,Taylor,01-05-1943,M,USA,Texas,Home,4,No,Agency,01-05-1943,83,1,First-Time Buyers
C1359,Individual,Gary,Owens,7/25/1975,M,USA,Virginia,Home,3,No,Agency,7-25-1975,51,1,First-Time Buyers
C1360,Individual,Billy,Nelson,11/27/1990,M,USA,Virginia,Home,4,No,Agency,11-27-1990,36,1,First-Time Buyers
C1361,Individual,Ashley,Owens,7/21/1943,F,USA,California,Home,3,No,Client,7-21-1943,83,1,First-Time Buyers
C1362,Individual,Laura,Jordan,4/13/1965,F,USA,California,Investment,1,Yes,Agency,4-13-1965,61,0,Global Investors
C1363,Individual,James,Stone,06-04-1981,M,USA,Georgia,Home,5,Yes,Agency,06-04-1981,45,2,Corporate Buyers
C1364,Individual,Andrea,Watson,12/23/1998,F,USA,California,Investment,1,No,Website,12-23-1998,28,0,Global Investors
C1365,Individual,Tiffany,Sanders,3/16/1969,F,Belgium,Brussels,Investment,5,Yes,Website,3-16-1969,57,0,Global Investors
C1366,Individual,George,Thompson,7/27/1995,M,USA,California,Home,1,No,Website,7-27-1995,31,1,First-Time Buyers
C1367,Individual,Stephanie,Jordan,01-11-1953,F,Germany,Berlin,Home,2,No,Client,01-11-1953,73,1,First-Time Buyers
C1368,Individual,Jose,Gray,11/22/1947,M,USA,California,Home,5,Yes,Client,11-22-1947,79,2,Corporate Buyers
C1369,Individual,Peter,Garcia,10-07-1983,M,France,Brittany,Home,4,Yes,Agency,10-07-1983,43,2,Corporate Buyers
C1370,Individual,Frank,Evans,06-04-1965,M,USA,Colorado,Investment,1,No,Agency,06-04-1965,61,0,Global Investors
C1371,Individual,Timothy,Thomas,6/19/1989,M,UK,England,Home,2,Yes,Website,6-19-1989,37,2,Corporate Buyers
C1372,Individual,Lisa,Turner,11/21/1981,F,USA,Washington,Investment,2,No,Website,11-21-1981,45,0,Global Investors
C1373,Individual,Melissa,Evans,10-11-1992,F,USA,California,Home,3,Yes,Website,10-11-1992,34,2,Corporate Buyers
C1374,Company,Quasar,Co,1/25/1990,M,France,Ile-de-France,Home,3,Yes,Agency,1-25-1990,36,3,Luxury Investors
C1375,Individual,Carolyn,Flores,11/22/1972,F,USA,California,Investment,4,Yes,Agency,11-22-1972,54,0,Global Investors
C1376,Individual,Carolyn,Edwards,6/23/1987,F,USA,Arizona,Investment,3,Yes,Agency,6-23-1987,39,0,Global Investors
C1377,Individual,Laura,Long,01-04-1984,F,USA,Utah,Investment,2,No,Website,01-04-1984,42,0,Global Investors
C1378,Individual,Maria,Morales,11/19/1976,F,USA,California,Investment,1,No,Website,11-19-1976,50,0,Global Investors
C1379,Individual,Kevin,Gray,06-11-1970,M,UK,Scotland,Home,2,No,Website,06-11-1970,56,1,First-Time Buyers
C1380,Individual,Michael,Hughes,10/15/1949,M,Canada,Alberta,Investment,4,No,Website,10-15-1949,77,0,Global Investors
C1381,Individual,Eric,Cox,6/16/1962,M,Germany,Hesse,Home,3,Yes,Website,6-16-1962,64,2,Corporate Buyers
C1382,Individual,Adam,James,5/19/1951,M,USA,Oregon,Home,2,No,Website,5-19-1951,75,1,First-Time Buyers
C1383,Individual,Noah,Moore,11-11-1992,M,USA,California,Home,2,No,Agency,11-11-1992,34,1,First-Time Buyers
C1384,Individual,Mary,Young,03-10-1988,F,USA,California,Home,2,Yes,Agency,03-10-1988,38,2,Corporate Buyers
C1385,Individual,Kenneth,Owens,06-01-1946,M,USA,California,Home,1,No,Agency,06-01-1946,80,1,First-Time Buyers
C1386,Individual,Harold,Howard,8/23/1947,M,USA,Washington,Home,4,Yes,Website,8-23-1947,79,2,Corporate Buyers
C1387,Individual,Jose,Reed,5/27/1943,M,Germany,Hamburg,Investment,4,No,Website,5-27-1943,83,0,Global Investors
C1388,Individual,Hannah,Stone,4/20/1999,F,USA,Washington,Home,3,No,Website,4-20-1999,27,1,First-Time Buyers
C1389,Individual,Jordan,Montgomery,07-03-1952,M,UK,Scotland,Home,2,No,Website,07-03-1952,74,1,First-Time Buyers
C1390,Individual,Lauren,Thomas,7/21/1979,F,USA,Nevada,Home,3,No,Website,7-21-1979,47,1,First-Time Buyers
C1391,Individual,Barbara,Campbell,03-06-1974,F,USA,Utah,Home,1,No,Website,03-06-1974,52,1,First-Time Buyers
C1392,Individual,Jose,Johnson,06-05-1990,M,USA,Colorado,Home,4,Yes,Agency,06-05-1990,36,2,Corporate Buyers
C1393,Individual,Virginia,Miller,07-09-1981,F,Mexico,Baja California,Investment,1,No,Agency,07-09-1981,45,0,Global Investors
C1394,Individual,Debra,Hansen,2/26/1977,F,USA,Nevada,Home,4,No,Website,2-26-1977,49,1,First-Time Buyers
C1395,Individual,Megan,Campbell,9/27/1988,F,Canada,Alberta,Investment,4,No,Website,9-27-1988,38,0,Global Investors
C1396,Individual,Steven,Foster,06-02-1971,M,Canada,Manitoba,Investment,3,Yes,Website,06-02-1971,55,0,Global Investors
C1397,Individual,Linda,Chavez,03-10-1983,F,USA,Nevada,Home,4,No,Website,03-10-1983,43,1,First-Time Buyers
C1398,Individual,Alexander,Jones,12/13/1966,M,USA,California,Home,5,Yes,Website,12-13-1966,60,2,Corporate Buyers
C1399,Individual,Lauren,Evans,8/23/1978,F,Canada,British Columbia,Home,5,No,Agency,8-23-1978,48,1,First-Time Buyers
C1400,Individual,Maria,Jones,10/24/1991,F,UK,Northern Ireland,Home,4,No,Client,10-24-1991,35,1,First-Time Buyers
C1401,Individual,Virginia,Brooks,3/24/1999,F,USA,Virginia,Investment,1,No,Website,3-24-1999,27,0,Global Investors
C1402,Individual,Helen,Jordan,9/28/1968,F,USA,Utah,Home,3,No,Agency,9-28-1968,58,1,First-Time Buyers
C1403,Individual,Pamela,Scott,9/22/1983,F,USA,Oregon,Home,2,No,Website,9-22-1983,43,1,First-Time Buyers
C1404,Individual,Sharon,Williams,7/22/1950,F,USA,California,Home,4,No,Agency,7-22-1950,76,1,First-Time Buyers
C1405,Individual,Ryan,Williams,06-08-1955,M,USA,Oregon,Home,5,No,Agency,06-08-1955,71,1,First-Time Buyers
C1406,Individual,Sara,Wood,09-01-1970,F,USA,California,Home,3,No,Website,09-01-1970,56,1,First-Time Buyers
C1407,Individual,Sharon,Hansen,3/22/1956,F,USA,California,Home,1,No,Agency,3-22-1956,70,1,First-Time Buyers
C1408,Company,Grandis,Co,11/13/1963,F,USA,California,Home,2,No,Agency,11-13-1963,63,3,Luxury Investors
C1409,Individual,Katherine,Price,08-01-1957,F,USA,Oregon,Investment,2,No,Website,08-01-1957,69,0,Global Investors
C1410,Individual,Jennifer,Edwards,12/16/1965,F,USA,Nevada,Home,2,No,Agency,12-16-1965,61,1,First-Time Buyers
C1411,Individual,Anthony,Watson,04-04-1987,M,USA,California,Home,2,No,Client,04-04-1987,39,1,First-Time Buyers
C1412,Company,Optima,Co,6/28/1985,F,USA,Nevada,Home,2,No,Agency,6-28-1985,41,3,Luxury Investors
C1413,Individual,Margaret,Rogers,9/18/1968,F,USA,California,Home,4,No,Agency,9-18-1968,58,1,First-Time Buyers
C1414,Individual,Michelle,Wright,05-01-1975,F,USA,Florida,Home,4,No,Website,05-01-1975,51,1,First-Time Buyers
C1415,Individual,Tyler,Murray,7/14/1959,M,USA,California,Investment,1,No,Website,7-14-1959,67,0,Global Investors
C1416,Individual,Bryan,Peterson,07-01-1954,M,USA,Oregon,Home,2,No,Agency,07-01-1954,72,1,First-Time Buyers
C1417,Individual,Dennis,Williams,10/26/1953,M,UK,Scotland,Home,5,No,Website,10-26-1953,73,1,First-Time Buyers
C1418,Individual,Kyle,Cox,04-06-1954,M,USA,Ohio,Investment,2,No,Website,04-06-1954,72,0,Global Investors
C1419,Individual,Jason,Peterson,08-08-1971,M,Germany,Hamburg,Investment,4,Yes,Website,08-08-1971,55,0,Global Investors
C1420,Company,Terova,Co,10/20/1981,M,UK,Wales,Home,5,No,Website,10-20-1981,45,3,Luxury Investors
C1421,Individual,James,Jones,11/14/1957,M,USA,Colorado,Home,1,No,Website,11-14-1957,69,1,First-Time Buyers
C1422,Individual,Billy,Hansen,1/15/1955,M,USA,Florida,Investment,1,Yes,Website,1-15-1955,71,0,Global Investors
C1423,Individual,Jack,Brooks,9/21/1955,M,UK,Northern Ireland,Home,4,Yes,Website,9-21-1955,71,2,Corporate Buyers
C1424,Individual,Judy,Harris,03-12-1954,F,USA,Utah,Home,2,Yes,Agency,03-12-1954,72,2,Corporate Buyers
C1425,Individual,Raymond,Taylor,12/16/1971,M,Belgium,Flanders,Home,3,No,Website,12-16-1971,55,1,First-Time Buyers
C1426,Individual,Christina,Campbell,5/20/1964,F,USA,Washington,Home,2,No,Website,5-20-1964,62,1,First-Time Buyers
C1427,Individual,Julia,Richardson,05-10-1955,F,Australia,Victoria,Home,5,No,Website,05-10-1955,71,1,First-Time Buyers
C1428,Individual,Nicole,Allen,12-05-1953,F,USA,Oregon,Home,4,Yes,Agency,12-05-1953,73,2,Corporate Buyers
C1429,Individual,Jesse,Stewart,10-01-1991,M,USA,Nevada,Investment,5,No,Agency,10-01-1991,35,0,Global Investors
C1430,Individual,Patrick,Allen,09-11-1963,M,USA,Nevada,Home,4,No,Website,09-11-1963,63,1,First-Time Buyers
C1431,Individual,Melissa,Griffin,07-01-1943,F,Germany,Hesse,Home,3,Yes,Website,07-01-1943,83,2,Corporate Buyers
C1432,Individual,Larry,Weaver,12/26/1951,M,USA,Utah,Home,3,No,Agency,12-26-1951,75,1,First-Time Buyers
C1433,Individual,Christian,Mitchell,04-12-1953,M,Germany,Hamburg,Home,4,No,Website,04-12-1953,73,1,First-Time Buyers
C1434,Company,Terova,Co,6/25/1985,F,USA,California,Investment,5,No,Agency,6-25-1985,41,3,Luxury Investors
C1435,Individual,Zachary,Morales,04-08-1967,M,USA,Texas,Investment,2,No,Agency,04-08-1967,59,0,Global Investors
C1436,Individual,Kyle,Wright,10-09-1998,M,USA,California,Home,2,No,Website,10-09-1998,28,1,First-Time Buyers
C1437,Individual,Gerald,Stewart,04-08-1997,M,USA,Arizona,Investment,5,No,Agency,04-08-1997,29,0,Global Investors
C1438,Individual,Benjamin,Taylor,08-04-1988,M,USA,California,Home,2,Yes,Agency,08-04-1988,38,2,Corporate Buyers
C1439,Individual,Helen,Morales,10/14/2000,F,USA,Virginia,Home,2,No,Agency,10-14-2000,26,1,First-Time Buyers
C1440,Individual,Mary,Phillips,7/20/1952,F,USA,Colorado,Investment,2,No,Agency,7-20-1952,74,0,Global Investors
C1441,Individual,Helen,Campbell,09-08-1945,F,USA,California,Investment,5,No,Website,09-08-1945,81,0,Global Investors
C1442,Individual,Timothy,Foster,6/17/2000,M,USA,Colorado,Home,2,Yes,Client,6-17-2000,26,2,Corporate Buyers
C1443,Individual,Betty,Hughes,11/22/1979,F,USA,Florida,Home,2,No,Website,11-22-1979,47,1,First-Time Buyers
C1444,Individual,Frank,Alexander,6/25/1981,M,USA,Colorado,Home,3,No,Website,6-25-1981,45,1,First-Time Buyers
C1445,Individual,Gregory,Hall,7/26/1988,M,USA,Florida,Home,5,No,Website,7-26-1988,38,1,First-Time Buyers
C1446,Individual,Amber,Gray,12-09-1951,F,USA,Ohio,Home,4,No,Website,12-09-1951,75,1,First-Time Buyers
C1447,Individual,Janet,Rogers,5/14/1972,F,USA,Nevada,Investment,4,Yes,Client,5-14-1972,54,0,Global Investors
C1448,Individual,Henry,Ward,3/15/1959,M,Russia,Tatarstan,Home,1,No,Website,3-15-1959,67,1,First-Time Buyers
C1449,Individual,Nicole,Cox,6/14/1999,F,USA,California,Investment,5,No,Website,6-14-1999,27,0,Global Investors
C1450,Individual,Pamela,White,04-06-1996,F,USA,Virginia,Home,5,No,Website,04-06-1996,30,1,First-Time Buyers
C1451,Individual,Hannah,Turner,10/19/1983,F,USA,California,Home,1,No,Website,10-19-1983,43,1,First-Time Buyers
C1452,Individual,Kelly,Edwards,08-05-1993,F,Belgium,Wallonia,Home,3,No,Client,08-05-1993,33,1,First-Time Buyers
C1453,Individual,Kenneth,Stone,10-07-1981,M,USA,California,Home,2,No,Agency,10-07-1981,45,1,First-Time Buyers
C1454,Individual,Ann,Kim,5/23/1948,F,USA,California,Investment,1,No,Client,5-23-1948,78,0,Global Investors
C1455,Individual,Christina,Nelson,6/15/1989,F,USA,Colorado,Home,3,Yes,Agency,6-15-1989,37,2,Corporate Buyers
C1456,Company,Quasar,Co,6/26/1992,F,USA,Oregon,Investment,1,Yes,Website,6-26-1992,34,3,Luxury Investors
C1457,Individual,Julie,Foster,1/27/1949,F,USA,California,Home,3,Yes,Agency,1-27-1949,77,2,Corporate Buyers
C1458,Individual,Keith,Reed,9/16/1950,M,USA,Arizona,Home,1,No,Website,9-16-1950,76,1,First-Time Buyers
C1459,Individual,Terry,Hall,9/28/1949,M,USA,Arizona,Home,5,No,Website,9-28-1949,77,1,First-Time Buyers
C1460,Individual,Pamela,Long,12-05-1972,F,UK,England,Home,1,Yes,Agency,12-05-1972,54,2,Corporate Buyers
C1461,Individual,Gloria,Reyes,1/13/1944,F,USA,California,Home,5,No,Website,1-13-1944,82,1,First-Time Buyers
C1462,Individual,Virginia,Allen,4/19/1984,F,Germany,Hamburg,Investment,3,No,Agency,4-19-1984,42,0,Global Investors
C1463,Individual,Lawrence,Ward,12/28/1943,M,USA,California,Home,2,Yes,Website,12-28-1943,83,2,Corporate Buyers
C1464,Individual,Terry,Weaver,1/25/1940,M,USA,Arizona,Home,1,No,Website,1-25-1940,86,1,First-Time Buyers
C1465,Individual,Edward,Stewart,07-09-1990,M,USA,Ohio,Home,3,Yes,Website,07-09-1990,36,2,Corporate Buyers
C1466,Individual,Ashley,Howard,8/28/1999,F,Belgium,Flanders,Investment,2,No,Website,8-28-1999,27,0,Global Investors
C1467,Individual,Rebecca,Adams,7/19/1951,F,USA,California,Home,5,No,Client,7-19-1951,75,1,First-Time Buyers
C1468,Individual,Jason,Martin,8/24/1940,M,Canada,Manitoba,Home,3,No,Website,8-24-1940,86,1,First-Time Buyers
C1469,Individual,Keith,Richardson,5/17/1970,M,USA,Colorado,Home,1,No,Website,5-17-1970,56,1,First-Time Buyers
C1470,Individual,Alexander,Richardson,5/27/1940,M,USA,Colorado,Investment,3,Yes,Agency,5-27-1940,86,0,Global Investors
C1471,Individual,Judith,Williams,5/24/1940,F,UK,Northern Ireland,Home,1,Yes,Website,5-24-1940,86,2,Corporate Buyers
C1472,Individual,Paul,Flores,3/23/1991,M,USA,Washington,Home,1,No,Website,3-23-1991,35,1,First-Time Buyers
C1473,Individual,Maria,Freeman,3/14/1974,F,USA,California,Home,2,No,Agency,3-14-1974,52,1,First-Time Buyers
C1474,Individual,Kevin,Brown,04-10-1969,M,USA,Oregon,Home,3,No,Website,04-10-1969,57,1,First-Time Buyers
C1475,Individual,Raymond,Brown,08-02-1944,M,Mexico,Jalisco,Home,4,Yes,Agency,08-02-1944,82,2,Corporate Buyers
C1476,Individual,Kevin,Jackson,06-08-2000,M,USA,Nevada,Home,1,No,Agency,06-08-2000,26,1,First-Time Buyers
C1477,Company,Zynex,Co,04-10-1968,F,USA,California,Investment,1,No,Agency,04-10-1968,58,3,Luxury Investors
C1478,Individual,Emily,Reed,09-12-1958,F,Canada,British Columbia,Investment,1,No,Agency,09-12-1958,68,0,Global Investors
C1479,Individual,Paul,Carter,3/26/1968,M,USA,California,Investment,1,No,Website,3-26-1968,58,0,Global Investors
C1480,Individual,Danielle,White,04-09-1985,F,USA,Virginia,Investment,3,No,Client,04-09-1985,41,0,Global Investors
C1481,Company,Caldera,Co,12-04-1984,F,USA,Arizona,Investment,3,No,Website,12-04-1984,42,3,Luxury Investors
C1482,Individual,Kimberly,Murray,1/24/1953,F,USA,Oregon,Home,2,Yes,Website,1-24-1953,73,2,Corporate Buyers
C1483,Individual,Gary,Hall,06-01-1975,M,USA,Colorado,Home,3,Yes,Agency,06-01-1975,51,2,Corporate Buyers
C1484,Individual,Christina,Nelson,10-09-1971,F,USA,Colorado,Home,3,No,Client,10-09-1971,55,1,First-Time Buyers
C1485,Individual,Rachel,Scott,6/26/1984,F,USA,Washington,Investment,4,No,Website,6-26-1984,42,0,Global Investors
C1486,Individual,Madison,Campbell,6/14/1996,F,UK,Wales,Home,5,Yes,Website,6-14-1996,30,2,Corporate Buyers
C1487,Individual,Sandra,Martin,12-10-1965,F,USA,New York,Home,3,No,Agency,12-10-1965,61,1,First-Time Buyers
C1488,Individual,Keith,Scott,09-07-1975,M,USA,Florida,Investment,2,No,Website,09-07-1975,51,0,Global Investors
C1489,Individual,Gloria,Montgomery,3/19/1951,F,USA,Arizona,Home,5,No,Agency,3-19-1951,75,1,First-Time Buyers
C1490,Individual,Dennis,Hall,11-06-1994,M,UK,Wales,Investment,5,Yes,Client,11-06-1994,32,0,Global Investors
C1491,Individual,Rebecca,Evans,07-10-1997,F,USA,Georgia,Home,4,No,Agency,07-10-1997,29,1,First-Time Buyers
C1492,Individual,Mary,Taylor,12/18/1984,F,Germany,Bavaria,Home,2,No,Agency,12-18-1984,42,1,First-Time Buyers
C1493,Individual,Thomas,Bennett,3/16/1992,M,USA,Washington,Home,4,Yes,Agency,3-16-1992,34,2,Corporate Buyers
C1494,Individual,Nicholas,Cooper,04-09-1996,M,USA,New York,Home,1,No,Client,04-09-1996,30,1,First-Time Buyers
C1495,Individual,Jason,Hughes,11-09-1991,M,Denmark,Capital Region,Home,1,No,Website,11-09-1991,35,1,First-Time Buyers
C1496,Individual,Bryan,Patterson,11/15/1986,M,USA,Florida,Home,5,No,Agency,11-15-1986,40,1,First-Time Buyers
C1497,Individual,Samuel,Parker,1/13/1940,M,USA,California,Investment,4,No,Agency,1-13-1940,86,0,Global Investors
C1498,Individual,Nicole,Carter,02-03-1967,F,Mexico,Puebla,Investment,5,No,Website,02-03-1967,59,0,Global Investors
C1499,Individual,Lauren,Gray,11-04-1997,F,Russia,Saint Petersburg,Home,3,Yes,Agency,11-04-1997,29,2,Corporate Buyers
C1500,Individual,Shirley,Ward,01-04-1995,F,Australia,Victoria,Home,2,No,Agency,01-04-1995,31,1,First-Time Buyers
C1501,Individual,Brenda,White,12/16/1951,F,USA,Oregon,Investment,4,No,Agency,12-16-1951,75,0,Global Investors
C1502,Individual,Elizabeth,Weaver,10/27/1994,F,UK,Wales,Home,5,Yes,Website,10-27-1994,32,2,Corporate Buyers
C1503,Company,Triton,Co,8/21/1986,M,USA,Arizona,Investment,5,No,Website,8-21-1986,40,3,Luxury Investors
C1504,Individual,Patrick,Hughes,8/19/1946,M,USA,California,Home,4,No,Website,8-19-1946,80,1,First-Time Buyers
C1505,Individual,William,Cook,5/14/1994,M,USA,Virginia,Home,3,No,Agency,5-14-1994,32,1,First-Time Buyers
C1506,Individual,Larry,Price,01-11-1950,M,USA,Utah,Investment,3,No,Website,01-11-1950,76,0,Global Investors
C1507,Individual,Joyce,Cooper,3/28/1951,F,USA,Florida,Home,3,No,Agency,3-28-1951,75,1,First-Time Buyers
C1508,Individual,Benjamin,Morris,12-03-1994,M,UK,Scotland,Home,3,No,Agency,12-03-1994,32,1,First-Time Buyers
C1509,Individual,Rebecca,Campbell,12/16/1946,F,USA,California,Home,3,No,Website,12-16-1946,80,1,First-Time Buyers
C1510,Company,Altira,Co,12-01-1962,M,USA,California,Home,5,No,Agency,12-01-1962,64,3,Luxury Investors
C1511,Individual,Ann,Hansen,7/20/1989,F,France,Provence,Home,2,Yes,Website,7-20-1989,37,2,Corporate Buyers
C1512,Individual,Anna,Young,6/18/1955,F,USA,Nevada,Home,4,Yes,Client,6-18-1955,71,2,Corporate Buyers
C1513,Individual,Danielle,Morales,06-08-1995,F,USA,Florida,Home,2,No,Website,06-08-1995,31,1,First-Time Buyers
C1514,Individual,Linda,Bryant,12-08-1986,F,USA,New York,Home,4,No,Website,12-08-1986,40,1,First-Time Buyers
C1515,Individual,Angela,Williams,10/16/1946,F,USA,Nevada,Investment,5,No,Website,10-16-1946,80,0,Global Investors
C1516,Individual,Grace,Wood,5/23/1953,F,USA,Texas,Home,4,No,Website,5-23-1953,73,1,First-Time Buyers
C1517,Individual,Benjamin,Chavez,2/23/1978,M,USA,California,Investment,2,No,Agency,2-23-1978,48,0,Global Investors
C1518,Individual,Teresa,Rogers,10-08-1994,F,Australia,Victoria,Home,5,Yes,Agency,10-08-1994,32,2,Corporate Buyers
C1519,Individual,Kyle,Freeman,8/19/1972,M,USA,California,Home,1,No,Agency,8-19-1972,54,1,First-Time Buyers
C1520,Individual,Patrick,Griffin,12-05-1945,M,USA,Utah,Home,1,No,Website,12-05-1945,81,1,First-Time Buyers
C1521,Individual,Bryan,Foster,12/25/1973,M,USA,Nevada,Home,4,No,Agency,12-25-1973,53,1,First-Time Buyers
C1522,Individual,Debra,Mitchell,9/14/1964,F,USA,Washington,Home,5,No,Website,9-14-1964,62,1,First-Time Buyers
C1523,Company,Horizon,Co,7/22/1981,M,Australia,Victoria,Investment,3,No,Website,7-22-1981,45,3,Luxury Investors
C1524,Individual,Jordan,Wilson,7/24/1967,M,USA,Virginia,Home,2,No,Client,7-24-1967,59,1,First-Time Buyers
C1525,Individual,Timothy,Brown,8/24/1959,M,USA,California,Home,1,No,Agency,8-24-1959,67,1,First-Time Buyers
C1526,Individual,Victoria,Howard,08-05-1956,F,USA,California,Home,3,No,Website,08-05-1956,70,1,First-Time Buyers
C1527,Individual,Martha,Thomas,5/13/1989,F,USA,California,Home,1,No,Agency,5-13-1989,37,1,First-Time Buyers
C1528,Individual,Jennifer,Weaver,09-02-1997,F,Germany,Hamburg,Home,1,Yes,Website,09-02-1997,29,2,Corporate Buyers
C1529,Company,Helios,Co,4/19/1989,M,USA,California,Home,4,No,Website,4-19-1989,37,3,Luxury Investors
C1530,Individual,Sarah,Wright,11/20/1988,F,USA,California,Home,2,No,Website,11-20-1988,38,1,First-Time Buyers
C1531,Individual,Bryan,Cox,3/15/1964,M,France,Brittany,Investment,2,No,Website,3-15-1964,62,0,Global Investors
C1532,Individual,Linda,Freeman,9/26/1998,F,USA,Texas,Home,3,Yes,Website,9-26-1998,28,2,Corporate Buyers
C1533,Individual,Anthony,Bryant,10-05-1988,M,Canada,British Columbia,Home,4,No,Agency,10-05-1988,38,1,First-Time Buyers
C1534,Individual,Sandra,Pierce,06-08-1996,F,USA,California,Home,4,Yes,Website,06-08-1996,30,2,Corporate Buyers
C1535,Individual,Jeremy,Stone,09-03-1994,M,UK,England,Investment,3,No,Agency,09-03-1994,32,0,Global Investors
C1536,Individual,Sara,Baker,06-05-1982,F,USA,Washington,Home,3,No,Website,06-05-1982,44,1,First-Time Buyers
C1537,Individual,Lisa,Foster,08-04-1999,F,USA,Arizona,Home,5,No,Website,08-04-1999,27,1,First-Time Buyers
C1538,Individual,Jessica,Kim,01-07-1947,F,USA,California,Investment,5,No,Website,01-07-1947,79,0,Global Investors
C1539,Individual,Terry,Brown,5/13/1997,M,USA,Nevada,Home,1,No,Agency,5-13-1997,29,1,First-Time Buyers
C1540,Individual,Roger,Cox,12-02-1957,M,USA,California,Home,2,Yes,Client,12-02-1957,69,2,Corporate Buyers
C1541,Individual,Carl,Adams,11/20/1964,M,USA,California,Home,2,No,Website,11-20-1964,62,1,First-Time Buyers
C1542,Individual,Gary,Cook,7/27/1989,M,USA,Nevada,Home,1,Yes,Website,7-27-1989,37,2,Corporate Buyers
C1543,Individual,Virginia,Peterson,11-10-1955,F,USA,New York,Investment,3,No,Agency,11-10-1955,71,0,Global Investors
C1544,Individual,Heather,Evans,4/27/1947,F,Russia,Tatarstan,Home,3,No,Website,4-27-1947,79,1,First-Time Buyers
C1545,Individual,Elizabeth,Price,11/23/1992,F,USA,California,Investment,1,Yes,Website,11-23-1992,34,0,Global Investors
C1546,Individual,Sarah,Scott,06-06-1966,F,Mexico,Puebla,Home,4,Yes,Agency,06-06-1966,60,2,Corporate Buyers
C1547,Individual,Margaret,Martin,04-03-1975,F,USA,Florida,Home,2,Yes,Agency,04-03-1975,51,2,Corporate Buyers
C1548,Company,Telnox,Co,12/26/1967,M,USA,California,Home,2,Yes,Website,12-26-1967,59,3,Luxury Investors
C1549,Individual,Gary,Reyes,6/15/1961,M,Mexico,Nuevo Leon,Home,4,No,Client,6-15-1961,65,1,First-Time Buyers
C1550,Individual,Jason,Rogers,10-01-1998,M,USA,California,Home,2,No,Agency,10-01-1998,28,1,First-Time Buyers
C1551,Individual,Aaron,Howard,5/17/1991,M,USA,California,Home,2,No,Agency,5-17-1991,35,1,First-Time Buyers
C1552,Individual,Peter,Wilson,4/20/1947,M,USA,California,Investment,2,Yes,Agency,4-20-1947,79,0,Global Investors
C1553,Company,Horizon,Co,3/27/1990,M,USA,Utah,Home,4,No,Agency,3-27-1990,36,3,Luxury Investors
C1554,Individual,Gregory,Cox,03-04-1998,M,Germany,Bavaria,Home,1,No,Website,03-04-1998,28,1,First-Time Buyers
C1555,Individual,Julia,Martin,4/25/1946,F,UK,England,Home,5,No,Website,4-25-1946,80,1,First-Time Buyers
C1556,Individual,Grace,Wood,11/20/1982,F,USA,Colorado,Investment,2,No,Agency,11-20-1982,44,0,Global Investors
C1557,Individual,Joan,Griffin,3/15/1942,F,USA,New York,Home,2,Yes,Website,3-15-1942,84,2,Corporate Buyers
C1558,Individual,Tyler,Phillips,03-12-1944,M,Mexico,Baja California,Home,4,No,Website,03-12-1944,82,1,First-Time Buyers
C1559,Individual,Sara,Mitchell,3/27/1975,F,UK,England,Home,2,No,Website,3-27-1975,51,1,First-Time Buyers
C1560,Individual,Christina,Hughes,7/15/1940,F,USA,California,Home,4,Yes,Client,7-15-1940,86,2,Corporate Buyers
C1561,Individual,Jeffrey,Green,4/28/1964,M,Mexico,Nuevo Leon,Investment,5,No,Agency,4-28-1964,62,0,Global Investors
C1562,Individual,Maria,Morris,07-05-1987,F,USA,California,Home,4,No,Client,07-05-1987,39,1,First-Time Buyers
C1563,Individual,Susan,Baker,6/18/1987,F,USA,Utah,Home,5,No,Website,6-18-1987,39,1,First-Time Buyers
C1564,Individual,Jason,Wood,11-06-1964,M,USA,Washington,Investment,5,No,Website,11-06-1964,62,0,Global Investors
C1565,Individual,Kenneth,Bennett,08-08-1980,M,Mexico,Jalisco,Home,4,No,Agency,08-08-1980,46,1,First-Time Buyers
C1566,Individual,Anthony,Wilson,01-01-1995,M,USA,California,Home,3,No,Website,01-01-1995,31,1,First-Time Buyers
C1567,Individual,Frank,Wilson,10-11-1977,M,USA,Georgia,Home,4,No,Client,10-11-1977,49,1,First-Time Buyers
C1568,Individual,Betty,Owens,03-06-1990,F,USA,California,Home,5,No,Website,03-06-1990,36,1,First-Time Buyers
C1569,Individual,Pamela,Turner,11-05-1993,F,USA,California,Investment,1,Yes,Website,11-05-1993,33,0,Global Investors
C1570,Individual,Amanda,Williams,12/27/1963,F,USA,Ohio,Home,5,No,Website,12-27-1963,63,1,First-Time Buyers
C1571,Individual,Ethan,Morales,06-03-1978,M,USA,California,Home,2,No,Website,06-03-1978,48,1,First-Time Buyers
C1572,Individual,Donald,Baker,06-10-1960,M,Australia,Queensland,Home,3,No,Agency,06-10-1960,66,1,First-Time Buyers
C1573,Individual,Amanda,Richardson,05-07-1946,F,USA,California,Home,1,No,Website,05-07-1946,80,1,First-Time Buyers
C1574,Individual,Gary,Morris,8/14/1984,M,USA,California,Home,4,No,Website,8-14-1984,42,1,First-Time Buyers
C1575,Individual,Paul,Freeman,12/19/2000,M,USA,California,Home,2,No,Website,12-19-2000,26,1,First-Time Buyers
C1576,Individual,Heather,Cook,9/28/1977,F,USA,Nevada,Investment,3,Yes,Website,9-28-1977,49,0,Global Investors
C1577,Individual,Ethan,Edwards,2/15/1983,M,Germany,Bavaria,Home,3,No,Website,2-15-1983,43,1,First-Time Buyers
C1578,Individual,Mark,Turner,03-12-1996,M,USA,California,Investment,2,No,Website,03-12-1996,30,0,Global Investors
C1579,Individual,Robert,Bell,10-03-1945,M,USA,Arizona,Investment,4,No,Website,10-03-1945,81,0,Global Investors
C1580,Individual,Jordan,Martin,12-05-1997,M,USA,Georgia,Investment,1,Yes,Website,12-05-1997,29,0,Global Investors
C1581,Individual,James,Reyes,11-08-1950,M,USA,California,Investment,1,No,Website,11-08-1950,76,0,Global Investors
C1582,Individual,Harold,Baker,8/20/1955,M,France,Ile-de-France,Home,4,Yes,Client,8-20-1955,71,2,Corporate Buyers
C1583,Individual,Peter,Scott,01-03-1968,M,USA,California,Home,2,No,Agency,01-03-1968,58,1,First-Time Buyers
C1584,Company,Nexus,Co,08-12-1985,M,France,Brittany,Investment,1,Yes,Website,08-12-1985,41,3,Luxury Investors
C1585,Individual,Kevin,Watson,10-10-1960,M,Canada,Ontario,Home,5,No,Website,10-10-1960,66,1,First-Time Buyers
C1586,Individual,Carolyn,Roberts,1/21/1967,F,Germany,Berlin,Home,3,No,Website,1-21-1967,59,1,First-Time Buyers
C1587,Individual,Carl,Cooper,12-02-1943,M,Canada,Quebec,Investment,4,Yes,Agency,12-02-1943,83,0,Global Investors
C1588,Individual,Patricia,Thomas,10/25/1980,F,USA,Utah,Investment,5,No,Website,10-25-1980,46,0,Global Investors
C1589,Individual,Christina,Ward,08-12-1953,F,USA,California,Investment,4,No,Agency,08-12-1953,73,0,Global Investors
C1590,Company,Elara,Co,6/19/1979,F,USA,Oregon,Home,1,No,Website,6-19-1979,47,3,Luxury Investors
C1591,Individual,Christine,Brooks,8/15/1971,F,USA,California,Investment,4,No,Website,8-15-1971,55,0,Global Investors
C1592,Individual,Heather,Allen,06-01-1975,F,USA,Texas,Investment,2,Yes,Agency,06-01-1975,51,0,Global Investors
C1593,Individual,Anthony,Williams,08-05-1975,M,USA,California,Home,1,No,Website,08-05-1975,51,1,First-Time Buyers
C1594,Individual,Kathleen,Green,10/24/1969,F,USA,Colorado,Home,2,No,Agency,10-24-1969,57,1,First-Time Buyers
C1595,Individual,Charles,Reed,8/20/1955,M,USA,California,Home,5,No,Website,8-20-1955,71,1,First-Time Buyers
C1596,Individual,Frank,Hall,11-10-1979,M,Germany,Berlin,Investment,4,No,Website,11-10-1979,47,0,Global Investors
C1597,Individual,Rachel,Cox,12/28/1949,F,USA,Nevada,Investment,4,Yes,Website,12-28-1949,77,0,Global Investors
C1598,Individual,Angela,Adams,6/23/1940,F,USA,Georgia,Home,4,Yes,Agency,6-23-1940,86,2,Corporate Buyers
C1599,Individual,Stephanie,Thompson,11/19/1980,F,USA,Virginia,Investment,5,Yes,Website,11-19-1980,46,0,Global Investors
C1600,Individual,Jennifer,Rogers,2/13/1968,F,Belgium,Wallonia,Home,5,No,Website,2-13-1968,58,1,First-Time Buyers
C1601,Individual,Tiffany,Parker,8/13/1996,F,Russia,Krasnodar Krai,Home,3,No,Website,8-13-1996,30,1,First-Time Buyers
C1602,Individual,Harold,Turner,11-01-1986,M,USA,Nevada,Investment,4,No,Website,11-01-1986,40,0,Global Investors
C1603,Individual,Hannah,Rogers,09-07-1962,F,UK,England,Home,5,No,Website,09-07-1962,64,1,First-Time Buyers
C1604,Individual,Ronald,Kim,09-10-1949,M,USA,Texas,Home,4,No,Website,09-10-1949,77,1,First-Time Buyers
C1605,Individual,Joshua,Collins,1/21/1999,M,UK,England,Investment,4,Yes,Website,1-21-1999,27,0,Global Investors
C1606,Individual,Zachary,Howard,3/20/1965,M,USA,Washington,Home,1,Yes,Agency,3-20-1965,61,2,Corporate Buyers
C1607,Individual,Emma,Hall,03-11-1963,F,USA,California,Home,3,No,Agency,03-11-1963,63,1,First-Time Buyers
C1608,Individual,Heather,Pierce,11/14/1999,F,UK,England,Home,4,Yes,Website,11-14-1999,27,2,Corporate Buyers
C1609,Individual,Justin,Reed,10-02-1964,M,USA,California,Investment,2,No,Website,10-02-1964,62,0,Global Investors
C1610,Individual,Kenneth,White,3/23/1967,M,USA,California,Investment,3,No,Website,3-23-1967,59,0,Global Investors
C1611,Individual,Sarah,Bryant,09-02-1975,F,USA,Nevada,Investment,4,No,Website,09-02-1975,51,0,Global Investors
C1612,Individual,Jason,Price,2/25/1990,M,USA,California,Home,1,No,Agency,2-25-1990,36,1,First-Time Buyers
C1613,Individual,Ryan,Griffin,01-08-1998,M,Denmark,Southern Denmark,Home,2,Yes,Agency,01-08-1998,28,2,Corporate Buyers
C1614,Individual,Julie,Williams,5/16/1968,F,USA,Utah,Investment,4,No,Website,5-16-1968,58,0,Global Investors
C1615,Individual,Jason,Mitchell,08-01-1963,M,USA,Utah,Home,5,No,Agency,08-01-1963,63,1,First-Time Buyers
C1616,Individual,Aaron,Nelson,09-01-1991,M,UK,Wales,Investment,5,Yes,Website,09-01-1991,35,0,Global Investors
C1617,Individual,Michelle,Baker,10-09-1952,F,USA,California,Home,3,No,Website,10-09-1952,74,1,First-Time Buyers
C1618,Individual,Linda,Price,11/22/1962,F,USA,Washington,Home,2,Yes,Website,11-22-1962,64,2,Corporate Buyers
C1619,Individual,Jason,Baker,10/24/1952,M,Belgium,Wallonia,Home,2,No,Website,10-24-1952,74,1,First-Time Buyers
C1620,Individual,Jacob,Morales,05-07-1944,M,USA,California,Home,1,Yes,Website,05-07-1944,82,2,Corporate Buyers
C1621,Individual,Carl,Wood,6/15/1954,M,USA,Oregon,Investment,2,No,Agency,6-15-1954,72,0,Global Investors
C1622,Individual,Angela,Taylor,02-01-1961,F,USA,Oregon,Home,1,Yes,Website,02-01-1961,65,2,Corporate Buyers
C1623,Individual,Julia,Hall,01-12-1994,F,USA,Oregon,Home,4,No,Website,01-12-1994,32,1,First-Time Buyers
C1624,Individual,Jennifer,Stewart,01-04-1951,F,USA,California,Home,4,Yes,Website,01-04-1951,75,2,Corporate Buyers
C1625,Individual,Harold,Wright,02-03-2000,M,Australia,Western Australia,Home,4,No,Agency,02-03-2000,26,1,First-Time Buyers
C1626,Individual,Jennifer,Morales,2/24/1970,F,France,Provence,Home,2,Yes,Website,2-24-1970,56,2,Corporate Buyers
C1627,Individual,David,Bryant,8/14/1973,M,USA,California,Investment,1,No,Website,8-14-1973,53,0,Global Investors
C1628,Company,Lumina,Co,10/13/1993,F,France,Normandy,Home,4,Yes,Website,10-13-1993,33,3,Luxury Investors
C1629,Individual,Stephanie,Roberts,8/26/1956,F,USA,Utah,Home,5,No,Agency,8-26-1956,70,1,First-Time Buyers
C1630,Company,Grandis,Co,05-06-1994,F,USA,Virginia,Investment,1,Yes,Website,05-06-1994,32,3,Luxury Investors
C1631,Individual,Joan,Patterson,03-12-1966,F,UK,Northern Ireland,Home,5,No,Website,03-12-1966,60,1,First-Time Buyers
C1632,Individual,Victoria,Wright,07-12-1963,F,USA,California,Investment,3,Yes,Agency,07-12-1963,63,0,Global Investors
C1633,Individual,Sara,Bennett,07-03-1977,F,Canada,Ontario,Home,2,No,Website,07-03-1977,49,1,First-Time Buyers
C1634,Individual,Sara,King,01-11-1944,F,USA,Georgia,Investment,2,No,Website,01-11-1944,82,0,Global Investors
C1635,Individual,Lawrence,Moore,4/27/1948,M,France,Brittany,Home,1,No,Website,4-27-1948,78,1,First-Time Buyers
C1636,Company,Zynex,Co,01-10-1987,F,USA,Arizona,Home,5,Yes,Website,01-10-1987,39,3,Luxury Investors
C1637,Individual,Jacob,Cook,02-11-1969,M,Mexico,Nuevo Leon,Home,5,No,Agency,02-11-1969,57,1,First-Time Buyers
C1638,Individual,Cynthia,Peterson,12/14/1978,F,France,Occitanie,Investment,1,Yes,Agency,12-14-1978,48,0,Global Investors
C1639,Individual,Ronald,Smith,9/26/1943,M,USA,Colorado,Home,1,No,Website,9-26-1943,83,1,First-Time Buyers
C1640,Individual,Helen,Adams,11-04-1966,F,USA,California,Home,1,Yes,Website,11-04-1966,60,2,Corporate Buyers
C1641,Individual,Charles,Phillips,2/14/1972,M,USA,Utah,Home,1,No,Agency,2-14-1972,54,1,First-Time Buyers
C1642,Individual,Maria,Adams,7/20/1981,F,Canada,British Columbia,Home,5,No,Website,7-20-1981,45,1,First-Time Buyers
C1643,Individual,Carl,Rogers,01-09-1978,M,France,Ile-de-France,Home,4,No,Agency,01-09-1978,48,1,First-Time Buyers
C1644,Individual,Megan,Freeman,6/22/1944,F,USA,California,Home,1,No,Client,6-22-1944,82,1,First-Time Buyers
C1645,Individual,Shirley,Chavez,02-08-1995,F,Australia,New South Wales,Investment,1,No,Website,02-08-1995,31,0,Global Investors
C1646,Individual,Billy,Patterson,06-10-1998,M,USA,Washington,Investment,4,Yes,Agency,06-10-1998,28,0,Global Investors
C1647,Individual,Paul,Stone,11/25/1945,M,USA,Ohio,Home,4,Yes,Agency,11-25-1945,81,2,Corporate Buyers
C1648,Individual,Julia,Wood,9/21/1949,F,Australia,New South Wales,Home,3,No,Website,9-21-1949,77,1,First-Time Buyers
C1649,Individual,Melissa,Price,03-02-1982,F,USA,Oregon,Home,4,Yes,Agency,03-02-1982,44,2,Corporate Buyers
C1650,Individual,Edward,Griffin,04-01-1969,M,USA,Washington,Investment,2,No,Website,04-01-1969,57,0,Global Investors
C1651,Individual,Ryan,Bell,11/19/1945,M,USA,California,Investment,4,No,Website,11-19-1945,81,0,Global Investors
C1652,Individual,Paul,Weaver,1/15/1964,M,USA,Nevada,Investment,4,Yes,Client,1-15-1964,62,0,Global Investors
C1653,Individual,Sara,White,08-02-1974,F,USA,Colorado,Investment,4,Yes,Website,08-02-1974,52,0,Global Investors
C1654,Individual,Judith,Brooks,04-05-1968,F,USA,California,Home,1,No,Website,04-05-1968,58,1,First-Time Buyers
C1655,Individual,Sara,Cox,5/16/1965,F,USA,Texas,Investment,2,No,Website,5-16-1965,61,0,Global Investors
C1656,Individual,Jacob,Baker,05-05-1991,M,Belgium,Wallonia,Investment,4,Yes,Website,05-05-1991,35,0,Global Investors
C1657,Individual,Donald,Kim,5/19/1958,M,USA,California,Home,2,No,Website,5-19-1958,68,1,First-Time Buyers
C1658,Individual,Ronald,Patterson,08-07-1970,M,USA,California,Home,5,No,Agency,08-07-1970,56,1,First-Time Buyers
C1659,Individual,Joshua,Thompson,09-05-1946,M,Denmark,Zealand,Home,4,No,Website,09-05-1946,80,1,First-Time Buyers
C1660,Individual,Henry,Richardson,4/27/1940,M,USA,Nevada,Home,4,Yes,Website,4-27-1940,86,2,Corporate Buyers
C1661,Individual,Ronald,Cox,8/20/1975,M,USA,Washington,Home,4,No,Agency,8-20-1975,51,1,First-Time Buyers
C1662,Individual,Gary,Montgomery,5/16/1967,M,Russia,Tatarstan,Home,4,No,Website,5-16-1967,59,1,First-Time Buyers
C1663,Individual,Joshua,Garcia,5/13/1977,M,USA,Colorado,Investment,3,No,Agency,5-13-1977,49,0,Global Investors
C1664,Individual,Judith,Hayes,7/25/1969,F,France,Occitanie,Investment,5,No,Agency,7-25-1969,57,0,Global Investors
C1665,Individual,Harold,Bell,12/16/1995,M,USA,Arizona,Home,5,No,Website,12-16-1995,31,1,First-Time Buyers
C1666,Individual,Brenda,Edwards,09-08-1962,F,USA,Ohio,Home,2,No,Website,09-08-1962,64,1,First-Time Buyers
C1667,Individual,Stephanie,Cook,11/14/1967,F,USA,California,Investment,4,No,Agency,11-14-1967,59,0,Global Investors
C1668,Individual,Scott,Green,11-12-1957,M,Australia,Victoria,Home,5,No,Website,11-12-1957,69,1,First-Time Buyers
C1669,Individual,Steven,Collins,04-07-1960,M,Canada,Alberta,Investment,3,Yes,Agency,04-07-1960,66,0,Global Investors
C1670,Individual,Angela,Watson,12-09-1970,F,USA,Colorado,Home,3,Yes,Website,12-09-1970,56,2,Corporate Buyers
C1671,Individual,Ashley,Howard,9/13/1948,F,USA,California,Home,3,No,Agency,9-13-1948,78,1,First-Time Buyers
C1672,Individual,Jacqueline,Morales,04-09-1974,F,USA,Nevada,Investment,4,No,Website,04-09-1974,52,0,Global Investors
C1673,Individual,Katherine,Martin,03-04-1992,F,USA,Washington,Home,1,Yes,Website,03-04-1992,34,2,Corporate Buyers
C1674,Individual,Emily,Jackson,12/22/1941,F,USA,California,Home,5,Yes,Website,12-22-1941,85,2,Corporate Buyers
C1675,Individual,Emma,Reyes,04-08-1985,F,Canada,Alberta,Investment,5,No,Website,04-08-1985,41,0,Global Investors
C1676,Individual,Amy,Allen,9/19/1999,F,USA,Washington,Home,2,No,Website,9-19-1999,27,1,First-Time Buyers
C1677,Individual,Kevin,Thomas,12/20/1964,M,USA,Texas,Home,1,Yes,Website,12-20-1964,62,2,Corporate Buyers
C1678,Individual,Gary,Sanders,03-06-1961,M,USA,California,Home,1,Yes,Agency,03-06-1961,65,2,Corporate Buyers
C1679,Individual,Christina,Nelson,2/28/1986,F,USA,Nevada,Investment,4,No,Website,2-28-1986,40,0,Global Investors
C1680,Individual,Danielle,Howard,9/25/1999,F,USA,California,Investment,4,No,Agency,9-25-1999,27,0,Global Investors
C1681,Individual,Carl,Alexander,7/27/1961,M,USA,Oregon,Home,3,Yes,Client,7-27-1961,65,2,Corporate Buyers
C1682,Individual,Amanda,Brooks,04-11-1987,F,USA,Nevada,Home,2,No,Website,04-11-1987,39,1,First-Time Buyers
C1683,Individual,Amber,Patterson,11/19/1999,F,USA,Oregon,Investment,1,No,Client,11-19-1999,27,0,Global Investors
C1684,Individual,Grace,Cooper,07-01-1977,F,USA,Colorado,Investment,4,No,Website,07-01-1977,49,0,Global Investors
C1685,Individual,Kathleen,Parker,5/16/1977,F,USA,California,Home,5,No,Agency,5-16-1977,49,1,First-Time Buyers
C1686,Individual,David,Howard,1/25/1977,M,USA,California,Investment,2,Yes,Agency,1-25-1977,49,0,Global Investors
C1687,Individual,Eric,Anderson,5/15/1967,M,USA,California,Home,4,Yes,Website,5-15-1967,59,2,Corporate Buyers
C1688,Individual,Amanda,Flores,4/28/1996,F,USA,Oregon,Home,5,No,Client,4-28-1996,30,1,First-Time Buyers
C1689,Individual,Virginia,King,1/26/1985,F,USA,Oregon,Investment,1,Yes,Client,1-26-1985,41,0,Global Investors
C1690,Individual,Terry,Martin,8/18/1951,M,Denmark,North Denmark,Home,2,Yes,Agency,8-18-1951,75,2,Corporate Buyers
C1691,Individual,Robert,Reed,3/25/1946,M,USA,Arizona,Home,5,No,Website,3-25-1946,80,1,First-Time Buyers
C1692,Individual,Joseph,Patterson,03-08-1991,M,Canada,Ontario,Home,5,Yes,Agency,03-08-1991,35,2,Corporate Buyers
C1693,Individual,Donald,Turner,11/20/1990,M,Belgium,Flanders,Home,1,No,Website,11-20-1990,36,1,First-Time Buyers
C1694,Individual,Gloria,Foster,7/18/1957,F,USA,Virginia,Home,5,No,Agency,7-18-1957,69,1,First-Time Buyers
C1695,Individual,Tiffany,Peterson,12/13/1955,F,Belgium,Flanders,Home,5,No,Website,12-13-1955,71,1,First-Time Buyers
C1696,Individual,Emily,Jones,2/20/1987,F,USA,Florida,Home,1,No,Website,2-20-1987,39,1,First-Time Buyers
C1697,Individual,Maria,Brown,08-07-1980,F,Belgium,Brussels,Home,2,No,Client,08-07-1980,46,1,First-Time Buyers
C1698,Individual,Zachary,Stone,12-05-1950,M,UK,Northern Ireland,Home,4,Yes,Website,12-05-1950,76,2,Corporate Buyers
C1699,Individual,Peter,Phillips,7/15/1969,M,Australia,Western Australia,Home,3,Yes,Agency,7-15-1969,57,2,Corporate Buyers
C1700,Individual,Nicholas,Young,11-04-1943,M,USA,Nevada,Home,3,No,Website,11-04-1943,83,1,First-Time Buyers
C1701,Individual,Karen,Montgomery,6/27/1982,F,USA,Arizona,Home,1,No,Website,6-27-1982,44,1,First-Time Buyers
C1702,Individual,Frank,Alexander,01-04-1990,M,USA,Washington,Investment,5,Yes,Website,01-04-1990,36,0,Global Investors
C1703,Individual,Gerald,Cox,8/13/1999,M,USA,Texas,Investment,4,No,Agency,8-13-1999,27,0,Global Investors
C1704,Individual,Susan,Flores,2/15/1963,F,Denmark,Capital Region,Home,4,No,Agency,2-15-1963,63,1,First-Time Buyers
C1705,Individual,Kenneth,Howard,11/23/1979,M,USA,Virginia,Investment,3,Yes,Website,11-23-1979,47,0,Global Investors
C1706,Individual,Matthew,Jordan,5/13/1976,M,USA,California,Home,3,Yes,Website,5-13-1976,50,2,Corporate Buyers
C1707,Individual,Adam,Allen,9/19/1973,M,USA,Georgia,Home,1,Yes,Website,9-19-1973,53,2,Corporate Buyers
C1708,Individual,Andrea,Wilson,08-06-1986,F,Germany,Hesse,Home,1,Yes,Agency,08-06-1986,40,2,Corporate Buyers
C1709,Individual,Danielle,Cox,08-09-1946,F,USA,Arizona,Investment,3,No,Agency,08-09-1946,80,0,Global Investors
C1710,Individual,Joe,Flores,5/26/1957,M,Canada,Alberta,Investment,2,Yes,Website,5-26-1957,69,0,Global Investors
C1711,Individual,Debra,Hayes,8/24/1981,F,USA,California,Investment,3,Yes,Website,8-24-1981,45,0,Global Investors
C1712,Individual,Ryan,Turner,03-04-1971,M,France,Occitanie,Home,5,No,Website,03-04-1971,55,1,First-Time Buyers
C1713,Individual,Julia,Cook,02-08-1981,F,USA,Oregon,Home,1,No,Website,02-08-1981,45,1,First-Time Buyers
C1714,Individual,Nathan,Brooks,07-05-1948,M,USA,Colorado,Home,3,No,Website,07-05-1948,78,1,First-Time Buyers
C1715,Individual,Hannah,Watson,4/13/1963,F,USA,Florida,Home,3,Yes,Agency,4-13-1963,63,2,Corporate Buyers
C1716,Individual,Michelle,Montgomery,10/13/1980,F,USA,California,Home,1,No,Website,10-13-1980,46,1,First-Time Buyers
C1717,Individual,Martha,Thomas,12/21/1941,F,USA,California,Home,4,Yes,Website,12-21-1941,85,2,Corporate Buyers
C1718,Individual,Janet,Peterson,01-06-1995,F,USA,California,Home,1,No,Website,01-06-1995,31,1,First-Time Buyers
C1719,Company,Halcyon,Co,05-10-1960,M,USA,Florida,Home,2,No,Agency,05-10-1960,66,3,Luxury Investors
C1720,Individual,Danielle,Kim,10-10-1996,F,USA,California,Home,5,Yes,Website,10-10-1996,30,2,Corporate Buyers
C1721,Individual,Carl,Weaver,12-10-1986,M,USA,Nevada,Home,2,No,Agency,12-10-1986,40,1,First-Time Buyers
C1722,Individual,Jacqueline,Morris,11/23/1982,F,USA,Nevada,Home,3,No,Website,11-23-1982,44,1,First-Time Buyers
C1723,Individual,Carol,Allen,02-02-1998,F,Canada,Quebec,Home,2,Yes,Agency,02-02-1998,28,2,Corporate Buyers
C1724,Individual,Justin,Cook,6/19/1956,M,USA,Virginia,Home,4,No,Website,6-19-1956,70,1,First-Time Buyers
C1725,Individual,Sharon,Patterson,01-12-1959,F,USA,Nevada,Home,3,Yes,Website,01-12-1959,67,2,Corporate Buyers
C1726,Individual,Diane,Scott,8/15/1948,F,UK,Northern Ireland,Home,3,No,Website,8-15-1948,78,1,First-Time Buyers
C1727,Individual,Katherine,Morales,12-06-1945,F,USA,New York,Home,3,No,Website,12-06-1945,81,1,First-Time Buyers
C1728,Individual,Kimberly,Garcia,03-08-1944,F,USA,Oregon,Home,3,Yes,Client,03-08-1944,82,2,Corporate Buyers
C1729,Individual,Robert,Richardson,6/26/1955,M,Canada,British Columbia,Home,3,Yes,Website,6-26-1955,71,2,Corporate Buyers
C1730,Individual,Jeffrey,Young,11/22/1979,M,Mexico,Puebla,Investment,5,Yes,Agency,11-22-1979,47,0,Global Investors
C1731,Individual,Nathan,Garcia,12/19/1971,M,USA,California,Home,4,Yes,Website,12-19-1971,55,2,Corporate Buyers
C1732,Individual,Megan,Wilson,7/15/1970,F,Canada,Alberta,Investment,2,No,Agency,7-15-1970,56,0,Global Investors
C1733,Individual,Helen,Jones,4/22/1948,F,USA,California,Home,3,Yes,Agency,4-22-1948,78,2,Corporate Buyers
C1734,Individual,Zachary,Roberts,1/14/1975,M,USA,California,Home,5,No,Website,1-14-1975,51,1,First-Time Buyers
C1735,Individual,Amber,Miller,10-07-1969,F,USA,Utah,Investment,3,No,Website,10-07-1969,57,0,Global Investors
C1736,Individual,Ann,Cook,9/21/1989,F,USA,California,Investment,4,Yes,Website,9-21-1989,37,0,Global Investors
C1737,Individual,Jennifer,Jackson,12/24/1992,F,USA,California,Investment,3,No,Website,12-24-1992,34,0,Global Investors
C1738,Individual,Sharon,Hall,2/25/1977,F,USA,California,Home,5,No,Website,2-25-1977,49,1,First-Time Buyers
C1739,Individual,Steven,Smith,2/25/1985,M,Russia,Novosibirsk,Investment,3,Yes,Website,2-25-1985,41,0,Global Investors
C1740,Individual,Ashley,Alexander,9/15/1951,F,USA,California,Home,5,Yes,Website,9-15-1951,75,2,Corporate Buyers
C1741,Individual,Alexander,Wright,4/18/1976,M,USA,Virginia,Home,5,No,Website,4-18-1976,50,1,First-Time Buyers
C1742,Company,Crestwood,Co,8/14/1988,F,USA,California,Home,5,No,Agency,8-14-1988,38,3,Luxury Investors
C1743,Individual,Linda,Bell,7/26/1946,F,Belgium,Flanders,Home,1,No,Client,7-26-1946,80,1,First-Time Buyers
C1744,Individual,Brian,Green,11/16/1961,M,Russia,Krasnodar Krai,Investment,1,No,Website,11-16-1961,65,0,Global Investors
C1745,Individual,Ann,Sanders,6/21/1976,F,USA,California,Home,1,No,Website,6-21-1976,50,1,First-Time Buyers
C1746,Individual,Jennifer,Cox,6/14/1959,F,Belgium,Flanders,Home,3,No,Website,6-14-1959,67,1,First-Time Buyers
C1747,Individual,Bryan,Flores,2/19/1965,M,USA,Colorado,Home,5,No,Client,2-19-1965,61,1,First-Time Buyers
C1748,Individual,Albert,Jones,11-11-1950,M,USA,California,Home,4,Yes,Website,11-11-1950,76,2,Corporate Buyers
C1749,Individual,Brandon,Moore,5/27/1956,M,USA,California,Home,3,No,Website,5-27-1956,70,1,First-Time Buyers
C1750,Company,Stratos,Co,01-12-1991,M,USA,Colorado,Home,3,No,Website,01-12-1991,35,3,Luxury Investors
C1751,Individual,Christine,Scott,2/28/1955,F,USA,Ohio,Home,5,No,Website,2-28-1955,71,1,First-Time Buyers
C1752,Individual,Jonathan,Cook,02-06-1980,M,USA,California,Investment,1,Yes,Website,02-06-1980,46,0,Global Investors
C1753,Individual,Arthur,Peterson,12/18/1945,M,USA,Georgia,Investment,3,Yes,Website,12-18-1945,81,0,Global Investors
C1754,Individual,Frank,Gray,11-11-1995,M,USA,Virginia,Home,2,Yes,Website,11-11-1995,31,2,Corporate Buyers
C1755,Individual,Mark,Griffin,8/26/1998,M,USA,Nevada,Home,1,Yes,Website,8-26-1998,28,2,Corporate Buyers
C1756,Individual,Daniel,Cook,3/21/1990,M,USA,Utah,Home,1,No,Website,3-21-1990,36,1,First-Time Buyers
C1757,Individual,Brian,Hayes,07-01-1985,M,Germany,Bavaria,Home,3,No,Client,07-01-1985,41,1,First-Time Buyers
C1758,Individual,Carl,Pierce,1/14/1985,M,USA,Oregon,Investment,4,Yes,Agency,1-14-1985,41,0,Global Investors
C1759,Individual,Jose,Stone,10-10-1974,M,USA,California,Investment,1,No,Website,10-10-1974,52,0,Global Investors
C1760,Individual,Mary,Harris,10-07-1975,F,Belgium,Brussels,Home,2,No,Website,10-07-1975,51,1,First-Time Buyers
C1761,Individual,Nicholas,Thompson,01-08-1955,M,USA,Washington,Home,1,No,Website,01-08-1955,71,1,First-Time Buyers
C1762,Individual,Larry,Harris,1/21/1964,M,USA,Virginia,Home,1,No,Website,1-21-1964,62,1,First-Time Buyers
C1763,Individual,Kimberly,Young,11/26/1954,F,USA,New York,Home,3,No,Website,11-26-1954,72,1,First-Time Buyers
C1764,Individual,Kelly,Baker,11-05-1946,F,USA,Nevada,Home,2,No,Agency,11-05-1946,80,1,First-Time Buyers
C1765,Individual,Pamela,Reyes,05-01-1997,F,USA,Colorado,Home,1,Yes,Client,05-01-1997,29,2,Corporate Buyers
C1766,Individual,Sharon,Bennett,05-05-1993,F,USA,California,Home,4,No,Website,05-05-1993,33,1,First-Time Buyers
C1767,Individual,Joe,Sanders,5/21/1978,M,USA,Colorado,Home,3,No,Website,5-21-1978,48,1,First-Time Buyers
C1768,Individual,Cynthia,Hughes,03-01-1943,F,Russia,Saint Petersburg,Home,4,No,Website,03-01-1943,83,1,First-Time Buyers
C1769,Company,Forsyte,Co,10/22/1985,M,USA,Oregon,Home,1,Yes,Client,10-22-1985,41,3,Luxury Investors
C1770,Individual,Betty,Parker,11/17/1945,F,USA,Washington,Home,1,Yes,Agency,11-17-1945,81,2,Corporate Buyers
C1771,Company,Atlas,Co,6/22/1975,M,USA,Georgia,Home,3,Yes,Client,6-22-1975,51,3,Luxury Investors
C1772,Company,Forsyte,Co,1/13/1975,F,Canada,Alberta,Investment,5,Yes,Agency,1-13-1975,51,3,Luxury Investors
C1773,Individual,Kenneth,Williams,12/25/1980,M,USA,Nevada,Investment,3,Yes,Agency,12-25-1980,46,0,Global Investors
C1774,Individual,Frank,James,12/26/1984,M,USA,Oregon,Home,4,No,Agency,12-26-1984,42,1,First-Time Buyers
C1775,Individual,Betty,Howard,10-07-1970,F,USA,California,Home,3,No,Agency,10-07-1970,56,1,First-Time Buyers
C1776,Individual,Martha,Mitchell,09-01-1973,F,France,Occitanie,Home,1,No,Website,09-01-1973,53,1,First-Time Buyers
C1777,Individual,Jason,Long,9/24/1974,M,USA,California,Investment,5,No,Client,9-24-1974,52,0,Global Investors
C1778,Individual,Jeffrey,Cox,01-09-1994,M,USA,Georgia,Investment,4,Yes,Website,01-09-1994,32,0,Global Investors
C1779,Individual,Sharon,Thomas,4/20/1979,F,USA,California,Home,5,No,Client,4-20-1979,47,1,First-Time Buyers
C1780,Individual,Richard,Patterson,5/18/1956,M,USA,Utah,Investment,1,No,Website,5-18-1956,70,0,Global Investors
C1781,Individual,Betty,Thomas,10-08-1968,F,USA,California,Home,4,No,Website,10-08-1968,58,1,First-Time Buyers
C1782,Individual,Ann,King,12-04-1999,F,UK,England,Investment,1,No,Website,12-04-1999,27,0,Global Investors
C1783,Individual,Jacob,Garcia,03-07-1954,M,USA,California,Home,3,No,Website,03-07-1954,72,1,First-Time Buyers
C1784,Individual,Albert,Moore,2/24/1998,M,Australia,Western Australia,Home,3,No,Client,2-24-1998,28,1,First-Time Buyers
C1785,Individual,Lauren,Allen,2/27/1956,F,USA,Colorado,Home,1,Yes,Website,2-27-1956,70,2,Corporate Buyers
C1786,Individual,Adam,White,03-07-1995,M,USA,California,Home,1,No,Website,03-07-1995,31,1,First-Time Buyers
C1787,Individual,Stephen,Flores,9/22/1955,M,USA,Georgia,Investment,5,No,Agency,9-22-1955,71,0,Global Investors
C1788,Individual,Zachary,James,10/27/1989,M,USA,California,Home,3,No,Website,10-27-1989,37,1,First-Time Buyers
C1789,Individual,Edward,Brooks,7/25/1982,M,USA,Colorado,Home,5,Yes,Agency,7-25-1982,44,2,Corporate Buyers
C1790,Individual,Jacob,Hansen,2/18/1940,M,USA,Nevada,Investment,5,No,Client,2-18-1940,86,0,Global Investors
C1791,Individual,Gerald,Scott,4/26/1966,M,USA,California,Home,5,No,Agency,4-26-1966,60,1,First-Time Buyers
C1792,Individual,Terry,Pierce,6/17/1995,M,USA,California,Home,3,No,Agency,6-17-1995,31,1,First-Time Buyers
C1793,Individual,Richard,James,04-05-1969,M,USA,Utah,Investment,1,No,Website,04-05-1969,57,0,Global Investors
C1794,Individual,Douglas,Chavez,12/25/1995,M,USA,Colorado,Home,3,No,Website,12-25-1995,31,1,First-Time Buyers
C1795,Individual,William,Brown,12-01-1945,M,USA,California,Home,5,Yes,Website,12-01-1945,81,2,Corporate Buyers
C1796,Individual,Betty,Hughes,9/21/1950,F,USA,California,Investment,5,Yes,Client,9-21-1950,76,0,Global Investors
C1797,Individual,Katherine,Howard,2/26/1957,F,USA,Oregon,Home,3,Yes,Website,2-26-1957,69,2,Corporate Buyers
C1798,Individual,Bryan,Peterson,08-10-1966,M,USA,Arizona,Investment,1,Yes,Website,08-10-1966,60,0,Global Investors
C1799,Individual,Cheryl,Freeman,01-11-1950,F,USA,Colorado,Home,5,No,Agency,01-11-1950,76,1,First-Time Buyers
C1800,Individual,James,Campbell,4/13/1944,M,USA,Oregon,Home,1,No,Client,4-13-1944,82,1,First-Time Buyers
C1801,Individual,Jose,Howard,02-08-1964,M,USA,California,Home,5,Yes,Website,02-08-1964,62,2,Corporate Buyers
C1802,Individual,Jack,Morris,3/26/1948,M,USA,Nevada,Investment,1,No,Client,3-26-1948,78,0,Global Investors
C1803,Individual,Susan,Bennett,4/14/1987,F,Canada,Quebec,Investment,5,No,Agency,4-14-1987,39,0,Global Investors
C1804,Individual,Albert,Kim,03-03-1989,M,USA,California,Home,1,No,Website,03-03-1989,37,1,First-Time Buyers
C1805,Individual,Austin,Kim,01-09-1953,M,UK,Northern Ireland,Investment,3,No,Website,01-09-1953,73,0,Global Investors
C1806,Individual,Martha,Turner,4/13/1967,F,Australia,New South Wales,Investment,2,No,Agency,4-13-1967,59,0,Global Investors
C1807,Individual,Angela,Allen,02-05-1957,F,France,Brittany,Home,5,No,Website,02-05-1957,69,1,First-Time Buyers
C1808,Individual,Victoria,Stewart,01-08-1990,F,USA,Washington,Investment,2,No,Client,01-08-1990,36,0,Global Investors
C1809,Individual,Laura,White,05-03-1981,F,USA,New York,Home,4,Yes,Agency,05-03-1981,45,2,Corporate Buyers
C1810,Individual,Maria,Collins,01-06-1945,F,USA,Texas,Home,3,No,Agency,01-06-1945,81,1,First-Time Buyers
C1811,Individual,Stephanie,Williams,2/16/1958,F,USA,California,Home,3,Yes,Agency,2-16-1958,68,2,Corporate Buyers
C1812,Individual,Ryan,White,4/18/1977,M,France,Provence,Home,5,Yes,Website,4-18-1977,49,2,Corporate Buyers
C1813,Individual,Walter,Jordan,12-02-1947,M,Germany,Hamburg,Investment,3,Yes,Website,12-02-1947,79,0,Global Investors
C1814,Individual,Scott,Roberts,04-07-1987,M,Denmark,North Denmark,Home,2,No,Website,04-07-1987,39,1,First-Time Buyers
C1815,Individual,Aaron,Carter,3/26/1949,M,USA,California,Home,5,No,Agency,3-26-1949,77,1,First-Time Buyers
C1816,Individual,Sean,Miller,04-08-1962,M,Canada,Quebec,Home,2,No,Website,04-08-1962,64,1,First-Time Buyers
C1817,Individual,Cynthia,Garcia,7/28/1944,F,USA,Virginia,Home,1,No,Agency,7-28-1944,82,1,First-Time Buyers
C1818,Individual,Christine,Wood,8/17/1994,F,USA,Washington,Investment,5,Yes,Website,8-17-1994,32,0,Global Investors
C1819,Individual,William,Brown,02-11-1963,M,Russia,Krasnodar Krai,Home,1,No,Website,02-11-1963,63,1,First-Time Buyers
C1820,Individual,Nicholas,Howard,8/21/1979,M,France,Provence,Home,3,No,Website,8-21-1979,47,1,First-Time Buyers
C1821,Individual,Adam,Smith,10/22/1944,M,USA,Nevada,Home,5,No,Website,10-22-1944,82,1,First-Time Buyers
C1822,Individual,Frank,Weaver,2/28/1996,M,USA,Oregon,Investment,5,Yes,Website,2-28-1996,30,0,Global Investors
C1823,Individual,Jacob,Watson,08-11-1967,M,USA,Oregon,Home,4,Yes,Website,08-11-1967,59,2,Corporate Buyers
C1824,Individual,Jeffrey,Weaver,09-05-1962,M,USA,California,Home,3,No,Website,09-05-1962,64,1,First-Time Buyers
C1825,Individual,Eric,Jones,12/28/1956,M,Mexico,Nuevo Leon,Home,2,No,Agency,12-28-1956,70,1,First-Time Buyers
C1826,Individual,Jack,Williams,06-08-1951,M,USA,Ohio,Home,4,No,Client,06-08-1951,75,1,First-Time Buyers
C1827,Individual,Donald,Thompson,01-02-1973,M,USA,New York,Home,5,Yes,Website,01-02-1973,53,2,Corporate Buyers
C1828,Individual,William,Wood,11/15/1991,M,USA,California,Investment,2,Yes,Website,11-15-1991,35,0,Global Investors
C1829,Individual,Rachel,Ward,7/17/1997,F,USA,California,Home,5,Yes,Agency,7-17-1997,29,2,Corporate Buyers
C1830,Individual,Virginia,Owens,3/20/1959,F,USA,Arizona,Home,3,No,Website,3-20-1959,67,1,First-Time Buyers
C1831,Individual,Janice,Smith,9/15/1950,F,Russia,Tatarstan,Home,3,No,Website,9-15-1950,76,1,First-Time Buyers
C1832,Individual,Henry,Garcia,4/21/1987,M,USA,Oregon,Investment,1,Yes,Website,4-21-1987,39,0,Global Investors
C1833,Individual,Jennifer,Weaver,1/17/1948,F,USA,Arizona,Investment,1,Yes,Website,1-17-1948,78,0,Global Investors
C1834,Individual,Zachary,Phillips,3/13/1963,M,Belgium,Flanders,Investment,5,No,Agency,3-13-1963,63,0,Global Investors
C1835,Individual,Nicole,Pierce,10/25/1959,F,Canada,Alberta,Investment,4,Yes,Agency,10-25-1959,67,0,Global Investors
C1836,Individual,Judy,Wood,10-08-1960,F,USA,California,Investment,1,Yes,Website,10-08-1960,66,0,Global Investors
C1837,Individual,Julia,Freeman,04-06-1950,F,USA,California,Home,2,Yes,Client,04-06-1950,76,2,Corporate Buyers
C1838,Individual,Joyce,Morales,1/14/1965,F,Canada,Alberta,Investment,1,No,Agency,1-14-1965,61,0,Global Investors
C1839,Individual,Kyle,Gray,1/21/1943,M,USA,California,Investment,2,No,Agency,1-21-1943,83,0,Global Investors
C1840,Individual,Gerald,Weaver,6/22/1986,M,UK,England,Investment,3,No,Website,6-22-1986,40,0,Global Investors
C1841,Individual,Austin,Williams,5/27/1947,M,USA,New York,Home,4,No,Website,5-27-1947,79,1,First-Time Buyers
C1842,Company,Rexon,Co,10-08-1978,M,Canada,Alberta,Home,3,Yes,Agency,10-08-1978,48,3,Luxury Investors
C1843,Individual,Jose,Stone,6/18/1952,M,Germany,Hesse,Home,4,No,Website,6-18-1952,74,1,First-Time Buyers
C1844,Individual,Grace,Howard,7/21/1978,F,USA,Ohio,Home,1,No,Agency,7-21-1978,48,1,First-Time Buyers
C1845,Individual,Joshua,Green,09-11-1949,M,USA,California,Investment,1,Yes,Website,09-11-1949,77,0,Global Investors
C1846,Individual,Sara,Allen,10/26/1985,F,Russia,Novosibirsk,Home,5,Yes,Agency,10-26-1985,41,2,Corporate Buyers
C1847,Individual,Brian,Griffin,04-01-1952,M,USA,Utah,Home,4,No,Website,04-01-1952,74,1,First-Time Buyers
C1848,Individual,Sarah,Davis,7/17/1993,F,USA,California,Home,2,No,Website,7-17-1993,33,1,First-Time Buyers
C1849,Individual,Joseph,Wilson,09-02-1976,M,Canada,Alberta,Investment,3,Yes,Website,09-02-1976,50,0,Global Investors
C1850,Individual,Gregory,Miller,7/25/1971,M,USA,New York,Investment,5,Yes,Agency,7-25-1971,55,0,Global Investors
C1851,Individual,Kimberly,Miller,06-08-1954,F,UK,England,Home,3,Yes,Agency,06-08-1954,72,2,Corporate Buyers
C1852,Individual,Julie,Hall,12/15/1997,F,USA,Virginia,Home,4,No,Website,12-15-1997,29,1,First-Time Buyers
C1853,Individual,Jennifer,Owens,2/24/1949,F,USA,Virginia,Investment,4,No,Website,2-24-1949,77,0,Global Investors
C1854,Company,Rexon,Co,3/23/1960,M,France,Ile-de-France,Investment,1,No,Client,3-23-1960,66,3,Luxury Investors
C1855,Individual,Gloria,Hansen,02-07-1984,F,USA,California,Home,2,Yes,Website,02-07-1984,42,2,Corporate Buyers
C1856,Company,Altira,Co,5/24/1994,M,USA,Virginia,Home,2,No,Website,5-24-1994,32,3,Luxury Investors
C1857,Individual,Walter,Johnson,3/22/1987,M,USA,California,Investment,2,Yes,Website,3-22-1987,39,0,Global Investors
C1858,Individual,Amy,Hayes,06-05-1958,F,USA,Colorado,Home,5,No,Website,06-05-1958,68,1,First-Time Buyers
C1859,Individual,Zachary,Taylor,11/18/1943,M,USA,California,Home,5,Yes,Client,11-18-1943,83,2,Corporate Buyers
C1860,Company,Caldera,Co,7/17/1970,F,USA,California,Home,4,Yes,Agency,7-17-1970,56,3,Luxury Investors
C1861,Individual,Nathan,Evans,01-08-1982,M,USA,California,Investment,3,Yes,Website,01-08-1982,44,0,Global Investors
C1862,Individual,Joshua,Long,8/22/1953,M,USA,California,Home,1,Yes,Website,8-22-1953,73,2,Corporate Buyers
C1863,Individual,Megan,Hansen,03-04-1948,F,UK,Scotland,Home,3,No,Website,03-04-1948,78,1,First-Time Buyers
C1864,Individual,Hannah,Weaver,4/25/1972,F,USA,New York,Home,5,Yes,Website,4-25-1972,54,2,Corporate Buyers
C1865,Individual,Sean,Rogers,01-11-1974,M,USA,Arizona,Investment,4,No,Website,01-11-1974,52,0,Global Investors
C1866,Individual,Joyce,Martin,8/23/1971,F,USA,Nevada,Home,2,No,Agency,8-23-1971,55,1,First-Time Buyers
C1867,Individual,Robert,Richardson,1/13/1952,M,USA,California,Home,2,Yes,Website,1-13-1952,74,2,Corporate Buyers
C1868,Individual,Michelle,Thomas,11/28/1975,F,UK,Wales,Home,1,No,Website,11-28-1975,51,1,First-Time Buyers
C1869,Individual,Margaret,Campbell,10-05-1975,F,Mexico,Nuevo Leon,Home,5,No,Client,10-05-1975,51,1,First-Time Buyers
C1870,Individual,Lawrence,Moore,10/13/1980,M,USA,Washington,Investment,1,No,Agency,10-13-1980,46,0,Global Investors
C1871,Individual,Amy,Reyes,10/18/1961,F,USA,Texas,Home,1,Yes,Website,10-18-1961,65,2,Corporate Buyers
C1872,Individual,Raymond,Jones,10/23/1940,M,Mexico,Mexico City,Home,5,No,Client,10-23-1940,86,1,First-Time Buyers
C1873,Individual,Cheryl,Collins,03-10-1959,F,Canada,British Columbia,Home,5,No,Agency,03-10-1959,67,1,First-Time Buyers
C1874,Individual,Justin,Cooper,11/18/1972,M,USA,Colorado,Investment,1,No,Agency,11-18-1972,54,0,Global Investors
C1875,Individual,Melissa,Roberts,9/13/1943,F,USA,Nevada,Home,2,No,Client,9-13-1943,83,1,First-Time Buyers
C1876,Company,Bravada,Co,3/17/1981,M,USA,Ohio,Investment,4,Yes,Website,3-17-1981,45,3,Luxury Investors
C1877,Individual,Walter,Bryant,9/16/1961,M,USA,Arizona,Home,5,No,Agency,9-16-1961,65,1,First-Time Buyers
C1878,Individual,Paul,Rogers,10-07-1967,M,USA,Washington,Home,5,No,Agency,10-07-1967,59,1,First-Time Buyers
C1879,Individual,Deborah,Roberts,1/23/1977,F,USA,New York,Home,3,No,Website,1-23-1977,49,1,First-Time Buyers
C1880,Individual,Joan,Morales,1/22/1998,F,USA,California,Home,5,Yes,Client,1-22-1998,28,2,Corporate Buyers
C1881,Individual,Brenda,Phillips,9/13/1989,F,USA,Oregon,Home,2,Yes,Website,9-13-1989,37,2,Corporate Buyers
C1882,Individual,Deborah,Turner,3/22/1960,F,USA,Virginia,Investment,3,No,Website,3-22-1960,66,0,Global Investors
C1883,Individual,Sean,Peterson,02-11-1941,M,USA,California,Home,1,No,Agency,02-11-1941,85,1,First-Time Buyers
C1884,Individual,Terry,Bell,08-06-1954,M,USA,Nevada,Home,5,Yes,Website,08-06-1954,72,2,Corporate Buyers
C1885,Individual,Ryan,Bell,10/26/1967,M,Germany,Hamburg,Home,1,Yes,Agency,10-26-1967,59,2,Corporate Buyers
C1886,Individual,Maria,Richardson,11/16/1999,F,USA,California,Home,5,No,Website,11-16-1999,27,1,First-Time Buyers
C1887,Individual,Emma,Campbell,01-07-1986,F,USA,Oregon,Investment,1,No,Agency,01-07-1986,40,0,Global Investors
C1888,Individual,Donald,Griffin,08-06-1962,M,USA,California,Home,3,No,Website,08-06-1962,64,1,First-Time Buyers
C1889,Individual,Matthew,Richardson,07-10-1987,M,USA,California,Home,4,Yes,Website,07-10-1987,39,2,Corporate Buyers
C1890,Individual,Mark,Nelson,03-12-1954,M,Canada,Ontario,Home,4,No,Client,03-12-1954,72,1,First-Time Buyers
C1891,Individual,Gary,James,06-02-1972,M,USA,Oregon,Home,2,No,Agency,06-02-1972,54,1,First-Time Buyers
C1892,Individual,Nancy,Jones,06-06-1951,F,USA,Nevada,Investment,5,Yes,Agency,06-06-1951,75,0,Global Investors
C1893,Individual,Ann,Davis,12/27/1962,F,USA,Washington,Home,1,Yes,Website,12-27-1962,64,2,Corporate Buyers
C1894,Individual,Joyce,Hall,03-11-1944,F,USA,Texas,Investment,4,No,Website,03-11-1944,82,0,Global Investors
C1895,Company,Caldera,Co,01-07-1969,M,USA,Nevada,Investment,4,No,Agency,01-07-1969,57,3,Luxury Investors
C1896,Individual,Andrew,Bryant,6/17/1955,M,USA,Virginia,Investment,3,No,Agency,6-17-1955,71,0,Global Investors
C1897,Individual,Catherine,Rogers,12/27/1950,F,Canada,Ontario,Home,2,No,Website,12-27-1950,76,1,First-Time Buyers
C1898,Individual,Daniel,James,01-05-1979,M,USA,New York,Home,1,Yes,Website,01-05-1979,47,2,Corporate Buyers
C1899,Individual,Joe,Mitchell,04-05-1996,M,UK,England,Home,3,No,Website,04-05-1996,30,1,First-Time Buyers
C1900,Individual,Rachel,Griffin,09-07-1998,F,UK,England,Investment,4,No,Client,09-07-1998,28,0,Global Investors
C1901,Individual,Justin,Stewart,9/17/1982,M,Canada,British Columbia,Home,4,No,Agency,9-17-1982,44,1,First-Time Buyers
C1902,Company,Grandis,Co,11-09-1980,M,USA,Colorado,Investment,2,No,Agency,11-09-1980,46,3,Luxury Investors
C1903,Individual,Nicole,Bennett,12-01-1991,F,USA,Nevada,Home,2,No,Website,12-01-1991,35,1,First-Time Buyers
C1904,Individual,Christian,Nelson,3/23/1949,M,USA,Texas,Home,2,Yes,Website,3-23-1949,77,2,Corporate Buyers
C1905,Individual,James,Morris,02-02-1961,M,USA,Virginia,Home,1,No,Website,02-02-1961,65,1,First-Time Buyers
C1906,Individual,Michelle,Adams,9/15/1955,F,USA,California,Home,2,No,Agency,9-15-1955,71,1,First-Time Buyers
C1907,Individual,Kyle,Wright,03-12-1950,M,USA,Colorado,Home,3,No,Website,03-12-1950,76,1,First-Time Buyers
C1908,Individual,Andrea,Moore,3/28/1976,F,USA,California,Home,2,No,Website,3-28-1976,50,1,First-Time Buyers
C1909,Individual,Heather,Pierce,12-04-1985,F,USA,California,Investment,2,No,Agency,12-04-1985,41,0,Global Investors
C1910,Company,Telnox,Co,10-04-1985,M,USA,California,Home,2,Yes,Agency,10-04-1985,41,3,Luxury Investors
C1911,Individual,Noah,Murray,01-11-1989,M,USA,California,Home,5,No,Agency,01-11-1989,37,1,First-Time Buyers
C1912,Individual,Amanda,Jackson,7/26/1954,F,USA,Utah,Investment,1,No,Website,7-26-1954,72,0,Global Investors
C1913,Individual,Gary,King,11-12-1980,M,France,Provence,Home,5,No,Website,11-12-1980,46,1,First-Time Buyers
C1914,Individual,Brenda,Gray,8/24/1993,F,UK,Scotland,Home,4,Yes,Website,8-24-1993,33,2,Corporate Buyers
C1915,Individual,Angela,Williams,06-09-1964,F,USA,Arizona,Investment,4,No,Client,06-09-1964,62,0,Global Investors
C1916,Individual,Zachary,Weaver,10/15/1948,M,USA,California,Investment,2,No,Website,10-15-1948,78,0,Global Investors
C1917,Individual,Angela,Montgomery,9/16/1971,F,Australia,New South Wales,Home,2,No,Client,9-16-1971,55,1,First-Time Buyers
C1918,Individual,Dorothy,Murray,9/17/1940,F,USA,California,Home,1,No,Client,9-17-1940,86,1,First-Time Buyers
C1919,Company,Vantage,Co,1/19/1968,F,USA,Nevada,Investment,1,No,Website,1-19-1968,58,3,Luxury Investors
C1920,Individual,Jonathan,Pierce,10/26/1969,M,Germany,North Rhine-Westphalia,Home,5,No,Agency,10-26-1969,57,1,First-Time Buyers
C1921,Individual,Carolyn,Adams,12/24/1956,F,France,Provence,Home,5,No,Website,12-24-1956,70,1,First-Time Buyers
C1922,Individual,Jessica,Garcia,01-09-1988,F,USA,California,Home,1,No,Agency,01-09-1988,38,1,First-Time Buyers
C1923,Individual,Sarah,Cooper,03-07-1947,F,Mexico,Jalisco,Investment,1,Yes,Client,03-07-1947,79,0,Global Investors
C1924,Individual,Joe,Cooper,01-03-1958,M,USA,California,Home,3,No,Client,01-03-1958,68,1,First-Time Buyers
C1925,Individual,Jordan,Baker,1/19/1942,M,USA,Colorado,Home,2,No,Agency,1-19-1942,84,1,First-Time Buyers
C1926,Individual,Joshua,Watson,11-05-1997,M,Mexico,Puebla,Home,1,Yes,Website,11-05-1997,29,2,Corporate Buyers
C1927,Individual,Victoria,Long,11-05-1952,F,USA,California,Investment,1,Yes,Website,11-05-1952,74,0,Global Investors
C1928,Individual,Paul,Scott,2/20/1998,M,Australia,New South Wales,Home,4,Yes,Client,2-20-1998,28,2,Corporate Buyers
C1929,Individual,Angela,Baker,10/24/1941,F,Mexico,Jalisco,Home,1,Yes,Agency,10-24-1941,85,2,Corporate Buyers
C1930,Individual,Rachel,Adams,1/22/1966,F,USA,Colorado,Investment,3,No,Agency,1-22-1966,60,0,Global Investors
C1931,Individual,Melissa,Jackson,05-01-1995,F,USA,Utah,Home,5,Yes,Website,05-01-1995,31,2,Corporate Buyers
C1932,Individual,Dorothy,Allen,5/13/1962,F,USA,California,Investment,2,No,Website,5-13-1962,64,0,Global Investors
C1933,Company,Oasis,Co,04-05-1994,F,Australia,Queensland,Home,1,No,Client,04-05-1994,32,3,Luxury Investors
C1934,Individual,Noah,Montgomery,3/25/1978,M,France,Ile-de-France,Investment,4,Yes,Client,3-25-1978,48,0,Global Investors
C1935,Individual,Ashley,Young,4/14/1983,F,USA,Arizona,Home,5,No,Website,4-14-1983,43,1,First-Time Buyers
C1936,Individual,Jeffrey,Brown,2/24/1984,M,Russia,Krasnodar Krai,Home,1,Yes,Agency,2-24-1984,42,2,Corporate Buyers
C1937,Individual,Ashley,Richardson,3/16/1961,F,USA,Arizona,Home,3,Yes,Website,3-16-1961,65,2,Corporate Buyers
C1938,Individual,Peter,Anderson,7/28/1973,M,Canada,Quebec,Home,4,Yes,Website,7-28-1973,53,2,Corporate Buyers
C1939,Individual,Gloria,White,06-09-1979,F,USA,Florida,Investment,1,Yes,Agency,06-09-1979,47,0,Global Investors
C1940,Individual,Barbara,Turner,02-01-1997,F,Canada,Manitoba,Home,4,No,Agency,02-01-1997,29,1,First-Time Buyers
C1941,Individual,Maria,James,5/20/1943,F,USA,Nevada,Home,5,No,Client,5-20-1943,83,1,First-Time Buyers
C1942,Company,Stratos,Co,11-10-1984,F,USA,Nevada,Home,2,Yes,Agency,11-10-1984,42,3,Luxury Investors
C1943,Individual,Eric,Long,01-04-1973,M,USA,Arizona,Home,1,No,Website,01-04-1973,53,1,First-Time Buyers
C1944,Individual,Henry,Pierce,2/15/1986,M,USA,California,Investment,1,No,Website,2-15-1986,40,0,Global Investors
C1945,Individual,Sean,Johnson,2/26/1967,M,Mexico,Mexico City,Investment,3,No,Website,2-26-1967,59,0,Global Investors
C1946,Individual,Mark,Bell,1/15/1955,M,USA,California,Home,1,No,Agency,1-15-1955,71,1,First-Time Buyers
C1947,Individual,Walter,Mitchell,02-02-1979,M,USA,Nevada,Home,3,No,Website,02-02-1979,47,1,First-Time Buyers
C1948,Individual,Melissa,Harris,04-01-1955,F,USA,Arizona,Home,2,No,Agency,04-01-1955,71,1,First-Time Buyers
C1949,Individual,Christina,James,7/20/1955,F,USA,Colorado,Home,2,Yes,Agency,7-20-1955,71,2,Corporate Buyers
C1950,Individual,Edward,Weaver,3/27/1975,M,USA,Ohio,Home,4,No,Agency,3-27-1975,51,1,First-Time Buyers
C1951,Individual,Alexander,Murray,09-08-1996,M,USA,Utah,Home,1,Yes,Website,09-08-1996,30,2,Corporate Buyers
C1952,Company,Optima,Co,05-06-1992,M,USA,Nevada,Home,3,No,Agency,05-06-1992,34,3,Luxury Investors
C1953,Individual,Donald,Miller,10/16/1972,M,Germany,Bavaria,Home,1,Yes,Website,10-16-1972,54,2,Corporate Buyers
C1954,Individual,Judy,Roberts,09-03-1966,F,Australia,Western Australia,Investment,3,No,Website,09-03-1966,60,0,Global Investors
C1955,Individual,Benjamin,Wright,5/20/1998,M,Canada,Quebec,Home,1,No,Website,5-20-1998,28,1,First-Time Buyers
C1956,Individual,Julie,Weaver,8/21/1967,F,USA,Oregon,Home,2,No,Agency,8-21-1967,59,1,First-Time Buyers
C1957,Individual,Adam,Howard,9/24/1962,M,USA,California,Home,4,Yes,Website,9-24-1962,64,2,Corporate Buyers
C1958,Individual,Susan,Foster,10-09-1970,F,USA,California,Home,3,No,Website,10-09-1970,56,1,First-Time Buyers
C1959,Individual,Judy,Morales,2/20/1942,F,USA,Texas,Home,1,No,Website,2-20-1942,84,1,First-Time Buyers
C1960,Individual,Dorothy,Brown,08-02-1987,F,USA,Colorado,Home,2,Yes,Website,08-02-1987,39,2,Corporate Buyers
C1961,Individual,William,Campbell,9/26/1994,M,USA,California,Home,5,No,Agency,9-26-1994,32,1,First-Time Buyers
C1962,Individual,Kimberly,Harris,08-01-1995,F,Mexico,Puebla,Home,5,No,Agency,08-01-1995,31,1,First-Time Buyers
C1963,Company,Terova,Co,03-01-1968,M,USA,Texas,Home,5,No,Website,03-01-1968,58,3,Luxury Investors
C1964,Individual,Kevin,Martin,6/17/1972,M,USA,Virginia,Home,5,No,Agency,6-17-1972,54,1,First-Time Buyers
C1965,Individual,Sean,Wright,01-09-1997,M,USA,California,Home,4,No,Agency,01-09-1997,29,1,First-Time Buyers
C1966,Individual,Ronald,Howard,02-10-1964,M,Canada,British Columbia,Home,1,No,Agency,02-10-1964,62,1,First-Time Buyers
C1967,Individual,Roger,Bryant,10-09-1957,M,USA,Oregon,Investment,4,No,Agency,10-09-1957,69,0,Global Investors
C1968,Individual,Judy,Griffin,11-02-1958,F,USA,California,Investment,3,Yes,Client,11-02-1958,68,0,Global Investors
C1969,Individual,Jesse,James,6/14/1993,M,USA,Colorado,Investment,2,Yes,Agency,6-14-1993,33,0,Global Investors
C1970,Individual,Raymond,Howard,2/25/1978,M,USA,Arizona,Investment,4,Yes,Website,2-25-1978,48,0,Global Investors
C1971,Individual,Emma,Jordan,7/18/1976,F,USA,Virginia,Home,5,No,Website,7-18-1976,50,1,First-Time Buyers
C1972,Individual,Carol,Wilson,01-05-1972,F,USA,California,Home,4,Yes,Website,01-05-1972,54,2,Corporate Buyers
C1973,Company,Oasis,Co,9/13/1993,M,USA,Washington,Home,4,Yes,Agency,9-13-1993,33,3,Luxury Investors
C1974,Individual,Keith,Peterson,04-09-1950,M,USA,Nevada,Home,5,Yes,Agency,04-09-1950,76,2,Corporate Buyers
C1975,Individual,Dorothy,Campbell,08-05-1975,F,Belgium,Wallonia,Home,4,No,Agency,08-05-1975,51,1,First-Time Buyers
C1976,Individual,Albert,Wilson,05-03-1995,M,USA,Florida,Home,5,No,Client,05-03-1995,31,1,First-Time Buyers
C1977,Individual,Jason,Bennett,04-07-1994,M,USA,Virginia,Home,1,No,Website,04-07-1994,32,1,First-Time Buyers
C1978,Company,Summit,Co,02-06-1967,F,USA,California,Investment,5,Yes,Website,02-06-1967,59,3,Luxury Investors
C1979,Individual,Brian,Richardson,5/25/1942,M,USA,Colorado,Home,3,Yes,Agency,5-25-1942,84,2,Corporate Buyers
C1980,Individual,Barbara,Green,05-09-1956,F,USA,Texas,Investment,4,No,Website,05-09-1956,70,0,Global Investors
C1981,Individual,Sarah,Flores,12-09-1992,F,Canada,Quebec,Home,5,No,Agency,12-09-1992,34,1,First-Time Buyers
C1982,Individual,Jose,Long,09-05-1947,M,USA,California,Home,4,Yes,Website,09-05-1947,79,2,Corporate Buyers
C1983,Individual,Ryan,Reed,3/13/1961,M,UK,Northern Ireland,Home,3,No,Website,3-13-1961,65,1,First-Time Buyers
C1984,Individual,Jesse,Watson,10/18/1956,M,USA,California,Home,4,No,Website,10-18-1956,70,1,First-Time Buyers
C1985,Individual,Gregory,Bell,05-11-1963,M,UK,Scotland,Home,1,Yes,Agency,05-11-1963,63,2,Corporate Buyers
C1986,Individual,Thomas,Griffin,4/23/1977,M,USA,New York,Investment,1,No,Website,4-23-1977,49,0,Global Investors
C1987,Individual,Douglas,Davis,10/18/1986,M,Belgium,Wallonia,Investment,5,No,Website,10-18-1986,40,0,Global Investors
C1988,Individual,Henry,Thompson,9/19/1994,M,USA,California,Home,5,Yes,Website,9-19-1994,32,2,Corporate Buyers
C1989,Individual,William,Montgomery,11/19/1959,M,USA,Texas,Home,3,No,Agency,11-19-1959,67,1,First-Time Buyers
C1990,Individual,Scott,Howard,11/28/1976,M,USA,Texas,Investment,5,No,Agency,11-28-1976,50,0,Global Investors
C1991,Individual,Susan,Reed,07-09-1950,F,USA,California,Home,3,No,Website,07-09-1950,76,1,First-Time Buyers
C1992,Individual,Rachel,Hansen,1/19/1943,F,USA,Texas,Home,3,Yes,Website,1-19-1943,83,2,Corporate Buyers
C1993,Individual,Douglas,Thompson,06-09-1985,M,USA,New York,Home,2,No,Website,06-09-1985,41,1,First-Time Buyers
C1994,Individual,Nicole,Miller,7/21/1994,F,USA,Oregon,Investment,3,Yes,Website,7-21-1994,32,0,Global Investors
C1995,Individual,Michelle,Scott,03-05-1993,F,USA,California,Investment,4,No,Agency,03-05-1993,33,0,Global Investors
C1996,Individual,Samantha,Brooks,6/20/1992,F,USA,Nevada,Home,1,Yes,Website,6-20-1992,34,2,Corporate Buyers
C1997,Individual,Matthew,Cox,9/27/1942,M,USA,Arizona,Home,4,Yes,Website,9-27-1942,84,2,Corporate Buyers
C1998,Individual,Mark,Patterson,9/13/1963,M,USA,Virginia,Home,5,Yes,Website,9-13-1963,63,2,Corporate Buyers
C1999,Individual,Lawrence,Montgomery,6/15/1944,M,USA,Ohio,Home,4,Yes,Client,6-15-1944,82,2,Corporate Buyers
C2000,Individual,Amanda,James,3/24/1996,F,USA,Georgia,Home,1,Yes,Agency,3-24-1996,30,2,Corporate Buyers
